-- phpMyAdmin SQL Dump
-- version 5.2.1
-- https://www.phpmyadmin.net/
--
-- Host: database:3306
-- Waktu pembuatan: 23 Mar 2024 pada 05.03
-- Versi server: 10.6.12-MariaDB-1:10.6.12+maria~ubu2004
-- Versi PHP: 8.1.15

SET SQL_MODE = "NO_AUTO_VALUE_ON_ZERO";
START TRANSACTION;
SET time_zone = "+00:00";


/*!40101 SET @OLD_CHARACTER_SET_CLIENT=@@CHARACTER_SET_CLIENT */;
/*!40101 SET @OLD_CHARACTER_SET_RESULTS=@@CHARACTER_SET_RESULTS */;
/*!40101 SET @OLD_COLLATION_CONNECTION=@@COLLATION_CONNECTION */;
/*!40101 SET NAMES utf8mb4 */;

--
-- Database: `spk-ahp`
--

-- --------------------------------------------------------

--
-- Struktur dari tabel `assessments`
--

CREATE TABLE `assessments` (
  `id` bigint(20) UNSIGNED NOT NULL,
  `employee_id` bigint(20) UNSIGNED NOT NULL,
  `criteria_id` bigint(20) UNSIGNED NOT NULL,
  `subcriteria_id` bigint(20) UNSIGNED NOT NULL,
  `value` double NOT NULL DEFAULT 1,
  `normalization_value` double NOT NULL DEFAULT 0,
  `created_at` timestamp NULL DEFAULT NULL,
  `updated_at` timestamp NULL DEFAULT NULL
) ENGINE=InnoDB DEFAULT CHARSET=utf8mb4 COLLATE=utf8mb4_unicode_ci;

--
-- Dumping data untuk tabel `assessments`
--

INSERT INTO `assessments` (`id`, `employee_id`, `criteria_id`, `subcriteria_id`, `value`, `normalization_value`, `created_at`, `updated_at`) VALUES
(1, 1, 1, 1, 3, 0.020979020979021, '2024-03-22 07:11:14', '2024-03-22 07:11:14'),
(2, 1, 1, 2, 3, 0.019480519480519, '2024-03-22 07:11:14', '2024-03-22 07:11:14'),
(3, 1, 1, 3, 3, 0.020134228187919, '2024-03-22 07:11:14', '2024-03-22 07:11:14'),
(4, 1, 1, 4, 3, 0.019736842105263, '2024-03-22 07:11:14', '2024-03-22 07:11:14'),
(5, 1, 2, 5, 3, 0.019607843137255, '2024-03-22 07:11:14', '2024-03-22 07:11:14'),
(6, 1, 2, 6, 3, 0.020833333333333, '2024-03-22 07:11:14', '2024-03-22 07:11:14'),
(7, 1, 2, 7, 3, 0.019480519480519, '2024-03-22 07:11:14', '2024-03-22 07:11:14'),
(8, 1, 2, 8, 3, 0.02027027027027, '2024-03-22 07:11:14', '2024-03-22 07:11:14'),
(9, 1, 2, 9, 3, 0.019607843137255, '2024-03-22 07:11:14', '2024-03-22 07:11:14'),
(10, 1, 3, 10, 3, 0.02158273381295, '2024-03-22 07:11:14', '2024-03-22 07:11:14'),
(11, 1, 3, 11, 3, 0.020979020979021, '2024-03-22 07:11:14', '2024-03-22 07:11:14'),
(12, 1, 3, 12, 3, 0.022388059701493, '2024-03-22 07:11:14', '2024-03-22 07:11:14'),
(13, 1, 3, 13, 3, 0.021897810218978, '2024-03-22 07:11:14', '2024-03-22 07:11:14'),
(14, 1, 3, 14, 3, 0.021276595744681, '2024-03-22 07:11:14', '2024-03-22 07:11:14'),
(15, 2, 1, 1, 3, 0.020979020979021, '2024-03-22 07:11:14', '2024-03-22 07:11:14'),
(16, 2, 1, 2, 3, 0.019480519480519, '2024-03-22 07:11:14', '2024-03-22 07:11:14'),
(17, 2, 1, 3, 3, 0.020134228187919, '2024-03-22 07:11:14', '2024-03-22 07:11:14'),
(18, 2, 1, 4, 3, 0.019736842105263, '2024-03-22 07:11:14', '2024-03-22 07:11:14'),
(19, 2, 2, 5, 3, 0.019607843137255, '2024-03-22 07:11:14', '2024-03-22 07:11:14'),
(20, 2, 2, 6, 3, 0.020833333333333, '2024-03-22 07:11:14', '2024-03-22 07:11:14'),
(21, 2, 2, 7, 3, 0.019480519480519, '2024-03-22 07:11:14', '2024-03-22 07:11:14'),
(22, 2, 2, 8, 3, 0.02027027027027, '2024-03-22 07:11:14', '2024-03-22 07:11:14'),
(23, 2, 2, 9, 4, 0.026143790849673, '2024-03-22 07:11:14', '2024-03-22 07:11:14'),
(24, 2, 3, 10, 3, 0.02158273381295, '2024-03-22 07:11:14', '2024-03-22 07:11:14'),
(25, 2, 3, 11, 3, 0.020979020979021, '2024-03-22 07:11:14', '2024-03-22 07:11:14'),
(26, 2, 3, 12, 2, 0.014925373134328, '2024-03-22 07:11:14', '2024-03-22 07:11:14'),
(27, 2, 3, 13, 2, 0.014598540145985, '2024-03-22 07:11:14', '2024-03-22 07:11:14'),
(28, 2, 3, 14, 3, 0.021276595744681, '2024-03-22 07:11:14', '2024-03-22 07:11:14'),
(29, 3, 1, 1, 3, 0.020979020979021, '2024-03-22 07:11:14', '2024-03-22 07:11:14'),
(30, 3, 1, 2, 3, 0.019480519480519, '2024-03-22 07:11:14', '2024-03-22 07:11:14'),
(31, 3, 1, 3, 3, 0.020134228187919, '2024-03-22 07:11:14', '2024-03-22 07:11:14'),
(32, 3, 1, 4, 3, 0.019736842105263, '2024-03-22 07:11:14', '2024-03-22 07:11:14'),
(33, 3, 2, 5, 3, 0.019607843137255, '2024-03-22 07:11:14', '2024-03-22 07:11:14'),
(34, 3, 2, 6, 3, 0.020833333333333, '2024-03-22 07:11:14', '2024-03-22 07:11:14'),
(35, 3, 2, 7, 3, 0.019480519480519, '2024-03-22 07:11:14', '2024-03-22 07:11:14'),
(36, 3, 2, 8, 3, 0.02027027027027, '2024-03-22 07:11:14', '2024-03-22 07:11:14'),
(37, 3, 2, 9, 3, 0.019607843137255, '2024-03-22 07:11:14', '2024-03-22 07:11:14'),
(38, 3, 3, 10, 3, 0.02158273381295, '2024-03-22 07:11:14', '2024-03-22 07:11:14'),
(39, 3, 3, 11, 3, 0.020979020979021, '2024-03-22 07:11:14', '2024-03-22 07:11:14'),
(40, 3, 3, 12, 3, 0.022388059701493, '2024-03-22 07:11:14', '2024-03-22 07:11:14'),
(41, 3, 3, 13, 3, 0.021897810218978, '2024-03-22 07:11:14', '2024-03-22 07:11:14'),
(42, 3, 3, 14, 3, 0.021276595744681, '2024-03-22 07:11:14', '2024-03-22 07:11:14'),
(43, 4, 1, 1, 3, 0.020979020979021, '2024-03-22 07:11:14', '2024-03-22 07:11:14'),
(44, 4, 1, 2, 3, 0.019480519480519, '2024-03-22 07:11:14', '2024-03-22 07:11:14'),
(45, 4, 1, 3, 3, 0.020134228187919, '2024-03-22 07:11:14', '2024-03-22 07:11:14'),
(46, 4, 1, 4, 3, 0.019736842105263, '2024-03-22 07:11:14', '2024-03-22 07:11:14'),
(47, 4, 2, 5, 3, 0.019607843137255, '2024-03-22 07:11:14', '2024-03-22 07:11:14'),
(48, 4, 2, 6, 3, 0.020833333333333, '2024-03-22 07:11:14', '2024-03-22 07:11:14'),
(49, 4, 2, 7, 3, 0.019480519480519, '2024-03-22 07:11:14', '2024-03-22 07:11:14'),
(50, 4, 2, 8, 3, 0.02027027027027, '2024-03-22 07:11:14', '2024-03-22 07:11:14'),
(51, 4, 2, 9, 4, 0.026143790849673, '2024-03-22 07:11:14', '2024-03-22 07:11:14'),
(52, 4, 3, 10, 3, 0.02158273381295, '2024-03-22 07:11:14', '2024-03-22 07:11:14'),
(53, 4, 3, 11, 3, 0.020979020979021, '2024-03-22 07:11:14', '2024-03-22 07:11:14'),
(54, 4, 3, 12, 3, 0.022388059701493, '2024-03-22 07:11:14', '2024-03-22 07:11:14'),
(55, 4, 3, 13, 3, 0.021897810218978, '2024-03-22 07:11:14', '2024-03-22 07:11:14'),
(56, 4, 3, 14, 3, 0.021276595744681, '2024-03-22 07:11:14', '2024-03-22 07:11:14'),
(57, 5, 1, 1, 3, 0.020979020979021, '2024-03-22 07:11:14', '2024-03-22 07:11:14'),
(58, 5, 1, 2, 3, 0.019480519480519, '2024-03-22 07:11:14', '2024-03-22 07:11:14'),
(59, 5, 1, 3, 3, 0.020134228187919, '2024-03-22 07:11:14', '2024-03-22 07:11:14'),
(60, 5, 1, 4, 3, 0.019736842105263, '2024-03-22 07:11:14', '2024-03-22 07:11:14'),
(61, 5, 2, 5, 3, 0.019607843137255, '2024-03-22 07:11:14', '2024-03-22 07:11:14'),
(62, 5, 2, 6, 3, 0.020833333333333, '2024-03-22 07:11:14', '2024-03-22 07:11:14'),
(63, 5, 2, 7, 3, 0.019480519480519, '2024-03-22 07:11:14', '2024-03-22 07:11:14'),
(64, 5, 2, 8, 3, 0.02027027027027, '2024-03-22 07:11:14', '2024-03-22 07:11:14'),
(65, 5, 2, 9, 3, 0.019607843137255, '2024-03-22 07:11:14', '2024-03-22 07:11:14'),
(66, 5, 3, 10, 3, 0.02158273381295, '2024-03-22 07:11:14', '2024-03-22 07:11:14'),
(67, 5, 3, 11, 3, 0.020979020979021, '2024-03-22 07:11:14', '2024-03-22 07:11:14'),
(68, 5, 3, 12, 2, 0.014925373134328, '2024-03-22 07:11:14', '2024-03-22 07:11:14'),
(69, 5, 3, 13, 2, 0.014598540145985, '2024-03-22 07:11:14', '2024-03-22 07:11:14'),
(70, 5, 3, 14, 3, 0.021276595744681, '2024-03-22 07:11:14', '2024-03-22 07:11:14'),
(71, 6, 1, 1, 4, 0.027972027972028, '2024-03-22 07:11:14', '2024-03-22 07:11:14'),
(72, 6, 1, 2, 4, 0.025974025974026, '2024-03-22 07:11:14', '2024-03-22 07:11:14'),
(73, 6, 1, 3, 3, 0.020134228187919, '2024-03-22 07:11:14', '2024-03-22 07:11:14'),
(74, 6, 1, 4, 4, 0.026315789473684, '2024-03-22 07:11:14', '2024-03-22 07:11:14'),
(75, 6, 2, 5, 3, 0.019607843137255, '2024-03-22 07:11:14', '2024-03-22 07:11:14'),
(76, 6, 2, 6, 3, 0.020833333333333, '2024-03-22 07:11:14', '2024-03-22 07:11:14'),
(77, 6, 2, 7, 3, 0.019480519480519, '2024-03-22 07:11:14', '2024-03-22 07:11:14'),
(78, 6, 2, 8, 4, 0.027027027027027, '2024-03-22 07:11:14', '2024-03-22 07:11:14'),
(79, 6, 2, 9, 4, 0.026143790849673, '2024-03-22 07:11:14', '2024-03-22 07:11:14'),
(80, 6, 3, 10, 3, 0.02158273381295, '2024-03-22 07:11:14', '2024-03-22 07:11:14'),
(81, 6, 3, 11, 2, 0.013986013986014, '2024-03-22 07:11:14', '2024-03-22 07:11:14'),
(82, 6, 3, 12, 2, 0.014925373134328, '2024-03-22 07:11:14', '2024-03-22 07:11:14'),
(83, 6, 3, 13, 2, 0.014598540145985, '2024-03-22 07:11:14', '2024-03-22 07:11:14'),
(84, 6, 3, 14, 3, 0.021276595744681, '2024-03-22 07:11:14', '2024-03-22 07:11:14'),
(85, 7, 1, 1, 3, 0.020979020979021, '2024-03-22 07:11:14', '2024-03-22 07:11:14'),
(86, 7, 1, 2, 3, 0.019480519480519, '2024-03-22 07:11:14', '2024-03-22 07:11:14'),
(87, 7, 1, 3, 3, 0.020134228187919, '2024-03-22 07:11:14', '2024-03-22 07:11:14'),
(88, 7, 1, 4, 3, 0.019736842105263, '2024-03-22 07:11:14', '2024-03-22 07:11:14'),
(89, 7, 2, 5, 2, 0.013071895424837, '2024-03-22 07:11:14', '2024-03-22 07:11:14'),
(90, 7, 2, 6, 3, 0.020833333333333, '2024-03-22 07:11:14', '2024-03-22 07:11:14'),
(91, 7, 2, 7, 3, 0.019480519480519, '2024-03-22 07:11:14', '2024-03-22 07:11:14'),
(92, 7, 2, 8, 3, 0.02027027027027, '2024-03-22 07:11:14', '2024-03-22 07:11:14'),
(93, 7, 2, 9, 3, 0.019607843137255, '2024-03-22 07:11:14', '2024-03-22 07:11:14'),
(94, 7, 3, 10, 3, 0.02158273381295, '2024-03-22 07:11:14', '2024-03-22 07:11:14'),
(95, 7, 3, 11, 3, 0.020979020979021, '2024-03-22 07:11:14', '2024-03-22 07:11:14'),
(96, 7, 3, 12, 2, 0.014925373134328, '2024-03-22 07:11:14', '2024-03-22 07:11:14'),
(97, 7, 3, 13, 3, 0.021897810218978, '2024-03-22 07:11:14', '2024-03-22 07:11:14'),
(98, 7, 3, 14, 3, 0.021276595744681, '2024-03-22 07:11:14', '2024-03-22 07:11:14'),
(99, 8, 1, 1, 3, 0.020979020979021, '2024-03-22 07:11:14', '2024-03-22 07:11:14'),
(100, 8, 1, 2, 3, 0.019480519480519, '2024-03-22 07:11:14', '2024-03-22 07:11:14'),
(101, 8, 1, 3, 3, 0.020134228187919, '2024-03-22 07:11:14', '2024-03-22 07:11:14'),
(102, 8, 1, 4, 3, 0.019736842105263, '2024-03-22 07:11:14', '2024-03-22 07:11:14'),
(103, 8, 2, 5, 2, 0.013071895424837, '2024-03-22 07:11:14', '2024-03-22 07:11:14'),
(104, 8, 2, 6, 3, 0.020833333333333, '2024-03-22 07:11:14', '2024-03-22 07:11:14'),
(105, 8, 2, 7, 3, 0.019480519480519, '2024-03-22 07:11:14', '2024-03-22 07:11:14'),
(106, 8, 2, 8, 3, 0.02027027027027, '2024-03-22 07:11:14', '2024-03-22 07:11:14'),
(107, 8, 2, 9, 3, 0.019607843137255, '2024-03-22 07:11:14', '2024-03-22 07:11:14'),
(108, 8, 3, 10, 3, 0.02158273381295, '2024-03-22 07:11:14', '2024-03-22 07:11:14'),
(109, 8, 3, 11, 3, 0.020979020979021, '2024-03-22 07:11:14', '2024-03-22 07:11:14'),
(110, 8, 3, 12, 2, 0.014925373134328, '2024-03-22 07:11:14', '2024-03-22 07:11:14'),
(111, 8, 3, 13, 3, 0.021897810218978, '2024-03-22 07:11:14', '2024-03-22 07:11:14'),
(112, 8, 3, 14, 3, 0.021276595744681, '2024-03-22 07:11:14', '2024-03-22 07:11:14'),
(113, 9, 1, 1, 3, 0.020979020979021, '2024-03-22 07:11:14', '2024-03-22 07:11:14'),
(114, 9, 1, 2, 4, 0.025974025974026, '2024-03-22 07:11:14', '2024-03-22 07:11:14'),
(115, 9, 1, 3, 4, 0.026845637583893, '2024-03-22 07:11:14', '2024-03-22 07:11:14'),
(116, 9, 1, 4, 4, 0.026315789473684, '2024-03-22 07:11:14', '2024-03-22 07:11:14'),
(117, 9, 2, 5, 4, 0.026143790849673, '2024-03-22 07:11:14', '2024-03-22 07:11:14'),
(118, 9, 2, 6, 3, 0.020833333333333, '2024-03-22 07:11:14', '2024-03-22 07:11:14'),
(119, 9, 2, 7, 4, 0.025974025974026, '2024-03-22 07:11:14', '2024-03-22 07:11:14'),
(120, 9, 2, 8, 4, 0.027027027027027, '2024-03-22 07:11:14', '2024-03-22 07:11:14'),
(121, 9, 2, 9, 4, 0.026143790849673, '2024-03-22 07:11:14', '2024-03-22 07:11:14'),
(122, 9, 3, 10, 4, 0.028776978417266, '2024-03-22 07:11:14', '2024-03-22 07:11:14'),
(123, 9, 3, 11, 3, 0.020979020979021, '2024-03-22 07:11:14', '2024-03-22 07:11:14'),
(124, 9, 3, 12, 3, 0.022388059701493, '2024-03-22 07:11:14', '2024-03-22 07:11:14'),
(125, 9, 3, 13, 3, 0.021897810218978, '2024-03-22 07:11:14', '2024-03-22 07:11:14'),
(126, 9, 3, 14, 3, 0.021276595744681, '2024-03-22 07:11:14', '2024-03-22 07:11:14'),
(127, 10, 1, 1, 3, 0.020979020979021, '2024-03-22 07:11:14', '2024-03-22 07:11:14'),
(128, 10, 1, 2, 3, 0.019480519480519, '2024-03-22 07:11:14', '2024-03-22 07:11:14'),
(129, 10, 1, 3, 3, 0.020134228187919, '2024-03-22 07:11:14', '2024-03-22 07:11:14'),
(130, 10, 1, 4, 4, 0.026315789473684, '2024-03-22 07:11:14', '2024-03-22 07:11:14'),
(131, 10, 2, 5, 2, 0.013071895424837, '2024-03-22 07:11:14', '2024-03-22 07:11:14'),
(132, 10, 2, 6, 3, 0.020833333333333, '2024-03-22 07:11:14', '2024-03-22 07:11:14'),
(133, 10, 2, 7, 4, 0.025974025974026, '2024-03-22 07:11:14', '2024-03-22 07:11:14'),
(134, 10, 2, 8, 4, 0.027027027027027, '2024-03-22 07:11:14', '2024-03-22 07:11:14'),
(135, 10, 2, 9, 3, 0.019607843137255, '2024-03-22 07:11:14', '2024-03-22 07:11:14'),
(136, 10, 3, 10, 3, 0.02158273381295, '2024-03-22 07:11:14', '2024-03-22 07:11:14'),
(137, 10, 3, 11, 2, 0.013986013986014, '2024-03-22 07:11:14', '2024-03-22 07:11:14'),
(138, 10, 3, 12, 4, 0.029850746268657, '2024-03-22 07:11:14', '2024-03-22 07:11:14'),
(139, 10, 3, 13, 4, 0.029197080291971, '2024-03-22 07:11:14', '2024-03-22 07:11:14'),
(140, 10, 3, 14, 3, 0.021276595744681, '2024-03-22 07:11:14', '2024-03-22 07:11:14'),
(141, 11, 1, 1, 3, 0.020979020979021, '2024-03-22 07:11:14', '2024-03-22 07:11:14'),
(142, 11, 1, 2, 4, 0.025974025974026, '2024-03-22 07:11:14', '2024-03-22 07:11:14'),
(143, 11, 1, 3, 3, 0.020134228187919, '2024-03-22 07:11:14', '2024-03-22 07:11:14'),
(144, 11, 1, 4, 4, 0.026315789473684, '2024-03-22 07:11:14', '2024-03-22 07:11:14'),
(145, 11, 2, 5, 3, 0.019607843137255, '2024-03-22 07:11:14', '2024-03-22 07:11:14'),
(146, 11, 2, 6, 3, 0.020833333333333, '2024-03-22 07:11:14', '2024-03-22 07:11:14'),
(147, 11, 2, 7, 3, 0.019480519480519, '2024-03-22 07:11:14', '2024-03-22 07:11:14'),
(148, 11, 2, 8, 4, 0.027027027027027, '2024-03-22 07:11:14', '2024-03-22 07:11:14'),
(149, 11, 2, 9, 4, 0.026143790849673, '2024-03-22 07:11:14', '2024-03-22 07:11:14'),
(150, 11, 3, 10, 2, 0.014388489208633, '2024-03-22 07:11:14', '2024-03-22 07:11:14'),
(151, 11, 3, 11, 3, 0.020979020979021, '2024-03-22 07:11:14', '2024-03-22 07:11:14'),
(152, 11, 3, 12, 3, 0.022388059701493, '2024-03-22 07:11:14', '2024-03-22 07:11:14'),
(153, 11, 3, 13, 3, 0.021897810218978, '2024-03-22 07:11:14', '2024-03-22 07:11:14'),
(154, 11, 3, 14, 4, 0.028368794326241, '2024-03-22 07:11:14', '2024-03-22 07:11:14'),
(155, 12, 1, 1, 4, 0.027972027972028, '2024-03-22 07:11:14', '2024-03-22 07:11:14'),
(156, 12, 1, 2, 4, 0.025974025974026, '2024-03-22 07:11:14', '2024-03-22 07:11:14'),
(157, 12, 1, 3, 3, 0.020134228187919, '2024-03-22 07:11:14', '2024-03-22 07:11:14'),
(158, 12, 1, 4, 3, 0.019736842105263, '2024-03-22 07:11:14', '2024-03-22 07:11:14'),
(159, 12, 2, 5, 3, 0.019607843137255, '2024-03-22 07:11:14', '2024-03-22 07:11:14'),
(160, 12, 2, 6, 3, 0.020833333333333, '2024-03-22 07:11:14', '2024-03-22 07:11:14'),
(161, 12, 2, 7, 3, 0.019480519480519, '2024-03-22 07:11:14', '2024-03-22 07:11:14'),
(162, 12, 2, 8, 3, 0.02027027027027, '2024-03-22 07:11:14', '2024-03-22 07:11:14'),
(163, 12, 2, 9, 3, 0.019607843137255, '2024-03-22 07:11:14', '2024-03-22 07:11:14'),
(164, 12, 3, 10, 3, 0.02158273381295, '2024-03-22 07:11:14', '2024-03-22 07:11:14'),
(165, 12, 3, 11, 2, 0.013986013986014, '2024-03-22 07:11:14', '2024-03-22 07:11:14'),
(166, 12, 3, 12, 3, 0.022388059701493, '2024-03-22 07:11:14', '2024-03-22 07:11:14'),
(167, 12, 3, 13, 3, 0.021897810218978, '2024-03-22 07:11:14', '2024-03-22 07:11:14'),
(168, 12, 3, 14, 3, 0.021276595744681, '2024-03-22 07:11:14', '2024-03-22 07:11:14'),
(169, 13, 1, 1, 3, 0.020979020979021, '2024-03-22 07:11:14', '2024-03-22 07:11:14'),
(170, 13, 1, 2, 3, 0.019480519480519, '2024-03-22 07:11:14', '2024-03-22 07:11:14'),
(171, 13, 1, 3, 2, 0.013422818791946, '2024-03-22 07:11:14', '2024-03-22 07:11:14'),
(172, 13, 1, 4, 3, 0.019736842105263, '2024-03-22 07:11:14', '2024-03-22 07:11:14'),
(173, 13, 2, 5, 2, 0.013071895424837, '2024-03-22 07:11:14', '2024-03-22 07:11:14'),
(174, 13, 2, 6, 2, 0.013888888888889, '2024-03-22 07:11:14', '2024-03-22 07:11:14'),
(175, 13, 2, 7, 3, 0.019480519480519, '2024-03-22 07:11:14', '2024-03-22 07:11:14'),
(176, 13, 2, 8, 2, 0.013513513513514, '2024-03-22 07:11:14', '2024-03-22 07:11:14'),
(177, 13, 2, 9, 3, 0.019607843137255, '2024-03-22 07:11:14', '2024-03-22 07:11:14'),
(178, 13, 3, 10, 2, 0.014388489208633, '2024-03-22 07:11:14', '2024-03-22 07:11:14'),
(179, 13, 3, 11, 2, 0.013986013986014, '2024-03-22 07:11:14', '2024-03-22 07:11:14'),
(180, 13, 3, 12, 3, 0.022388059701493, '2024-03-22 07:11:14', '2024-03-22 07:11:14'),
(181, 13, 3, 13, 3, 0.021897810218978, '2024-03-22 07:11:14', '2024-03-22 07:11:14'),
(182, 13, 3, 14, 2, 0.014184397163121, '2024-03-22 07:11:14', '2024-03-22 07:11:14'),
(183, 14, 1, 1, 1, 0.006993006993007, '2024-03-22 07:11:14', '2024-03-22 07:11:14'),
(184, 14, 1, 2, 1, 0.0064935064935065, '2024-03-22 07:11:14', '2024-03-22 07:11:14'),
(185, 14, 1, 3, 1, 0.0067114093959732, '2024-03-22 07:11:14', '2024-03-22 07:11:14'),
(186, 14, 1, 4, 1, 0.0065789473684211, '2024-03-22 07:11:14', '2024-03-22 07:11:14'),
(187, 14, 2, 5, 1, 0.0065359477124183, '2024-03-22 07:11:14', '2024-03-22 07:11:14'),
(188, 14, 2, 6, 1, 0.0069444444444444, '2024-03-22 07:11:14', '2024-03-22 07:11:14'),
(189, 14, 2, 7, 1, 0.0064935064935065, '2024-03-22 07:11:14', '2024-03-22 07:11:14'),
(190, 14, 2, 8, 1, 0.0067567567567568, '2024-03-22 07:11:14', '2024-03-22 07:11:14'),
(191, 14, 2, 9, 1, 0.0065359477124183, '2024-03-22 07:11:14', '2024-03-22 07:11:14'),
(192, 14, 3, 10, 1, 0.0071942446043165, '2024-03-22 07:11:14', '2024-03-22 07:11:14'),
(193, 14, 3, 11, 1, 0.006993006993007, '2024-03-22 07:11:14', '2024-03-22 07:11:14'),
(194, 14, 3, 12, 1, 0.0074626865671642, '2024-03-22 07:11:14', '2024-03-22 07:11:14'),
(195, 14, 3, 13, 1, 0.0072992700729927, '2024-03-22 07:11:14', '2024-03-22 07:11:14'),
(196, 14, 3, 14, 1, 0.0070921985815603, '2024-03-22 07:11:14', '2024-03-22 07:11:14'),
(197, 15, 1, 1, 2, 0.013986013986014, '2024-03-22 07:11:14', '2024-03-22 07:11:14'),
(198, 15, 1, 2, 3, 0.019480519480519, '2024-03-22 07:11:14', '2024-03-22 07:11:14'),
(199, 15, 1, 3, 1, 0.0067114093959732, '2024-03-22 07:11:14', '2024-03-22 07:11:14'),
(200, 15, 1, 4, 2, 0.013157894736842, '2024-03-22 07:11:14', '2024-03-22 07:11:14'),
(201, 15, 2, 5, 3, 0.019607843137255, '2024-03-22 07:11:14', '2024-03-22 07:11:14'),
(202, 15, 2, 6, 3, 0.020833333333333, '2024-03-22 07:11:14', '2024-03-22 07:11:14'),
(203, 15, 2, 7, 3, 0.019480519480519, '2024-03-22 07:11:14', '2024-03-22 07:11:14'),
(204, 15, 2, 8, 3, 0.02027027027027, '2024-03-22 07:11:14', '2024-03-22 07:11:14'),
(205, 15, 2, 9, 3, 0.019607843137255, '2024-03-22 07:11:14', '2024-03-22 07:11:14'),
(206, 15, 3, 10, 2, 0.014388489208633, '2024-03-22 07:11:14', '2024-03-22 07:11:14'),
(207, 15, 3, 11, 3, 0.020979020979021, '2024-03-22 07:11:14', '2024-03-22 07:11:14'),
(208, 15, 3, 12, 1, 0.0074626865671642, '2024-03-22 07:11:14', '2024-03-22 07:11:14'),
(209, 15, 3, 13, 4, 0.029197080291971, '2024-03-22 07:11:14', '2024-03-22 07:11:14'),
(210, 15, 3, 14, 2, 0.014184397163121, '2024-03-22 07:11:14', '2024-03-22 07:11:14'),
(211, 16, 1, 1, 2, 0.013986013986014, '2024-03-22 07:11:14', '2024-03-22 07:11:14'),
(212, 16, 1, 2, 3, 0.019480519480519, '2024-03-22 07:11:14', '2024-03-22 07:11:14'),
(213, 16, 1, 3, 3, 0.020134228187919, '2024-03-22 07:11:14', '2024-03-22 07:11:14'),
(214, 16, 1, 4, 3, 0.019736842105263, '2024-03-22 07:11:14', '2024-03-22 07:11:14'),
(215, 16, 2, 5, 3, 0.019607843137255, '2024-03-22 07:11:14', '2024-03-22 07:11:14'),
(216, 16, 2, 6, 2, 0.013888888888889, '2024-03-22 07:11:14', '2024-03-22 07:11:14'),
(217, 16, 2, 7, 3, 0.019480519480519, '2024-03-22 07:11:14', '2024-03-22 07:11:14'),
(218, 16, 2, 8, 3, 0.02027027027027, '2024-03-22 07:11:14', '2024-03-22 07:11:14'),
(219, 16, 2, 9, 3, 0.019607843137255, '2024-03-22 07:11:14', '2024-03-22 07:11:14'),
(220, 16, 3, 10, 2, 0.014388489208633, '2024-03-22 07:11:14', '2024-03-22 07:11:14'),
(221, 16, 3, 11, 3, 0.020979020979021, '2024-03-22 07:11:14', '2024-03-22 07:11:14'),
(222, 16, 3, 12, 3, 0.022388059701493, '2024-03-22 07:11:14', '2024-03-22 07:11:14'),
(223, 16, 3, 13, 3, 0.021897810218978, '2024-03-22 07:11:14', '2024-03-22 07:11:14'),
(224, 16, 3, 14, 2, 0.014184397163121, '2024-03-22 07:11:14', '2024-03-22 07:11:14'),
(225, 17, 1, 1, 3, 0.020979020979021, '2024-03-22 07:11:14', '2024-03-22 07:11:14'),
(226, 17, 1, 2, 3, 0.019480519480519, '2024-03-22 07:11:14', '2024-03-22 07:11:14'),
(227, 17, 1, 3, 4, 0.026845637583893, '2024-03-22 07:11:14', '2024-03-22 07:11:14'),
(228, 17, 1, 4, 3, 0.019736842105263, '2024-03-22 07:11:14', '2024-03-22 07:11:14'),
(229, 17, 2, 5, 3, 0.019607843137255, '2024-03-22 07:11:14', '2024-03-22 07:11:14'),
(230, 17, 2, 6, 2, 0.013888888888889, '2024-03-22 07:11:14', '2024-03-22 07:11:14'),
(231, 17, 2, 7, 3, 0.019480519480519, '2024-03-22 07:11:14', '2024-03-22 07:11:14'),
(232, 17, 2, 8, 3, 0.02027027027027, '2024-03-22 07:11:14', '2024-03-22 07:11:14'),
(233, 17, 2, 9, 4, 0.026143790849673, '2024-03-22 07:11:14', '2024-03-22 07:11:14'),
(234, 17, 3, 10, 3, 0.02158273381295, '2024-03-22 07:11:14', '2024-03-22 07:11:14'),
(235, 17, 3, 11, 3, 0.020979020979021, '2024-03-22 07:11:14', '2024-03-22 07:11:14'),
(236, 17, 3, 12, 3, 0.022388059701493, '2024-03-22 07:11:14', '2024-03-22 07:11:14'),
(237, 17, 3, 13, 3, 0.021897810218978, '2024-03-22 07:11:14', '2024-03-22 07:11:14'),
(238, 17, 3, 14, 3, 0.021276595744681, '2024-03-22 07:11:14', '2024-03-22 07:11:14'),
(239, 18, 1, 1, 3, 0.020979020979021, '2024-03-22 07:11:14', '2024-03-22 07:11:14'),
(240, 18, 1, 2, 3, 0.019480519480519, '2024-03-22 07:11:14', '2024-03-22 07:11:14'),
(241, 18, 1, 3, 3, 0.020134228187919, '2024-03-22 07:11:14', '2024-03-22 07:11:14'),
(242, 18, 1, 4, 3, 0.019736842105263, '2024-03-22 07:11:14', '2024-03-22 07:11:14'),
(243, 18, 2, 5, 4, 0.026143790849673, '2024-03-22 07:11:14', '2024-03-22 07:11:14'),
(244, 18, 2, 6, 3, 0.020833333333333, '2024-03-22 07:11:14', '2024-03-22 07:11:14'),
(245, 18, 2, 7, 3, 0.019480519480519, '2024-03-22 07:11:14', '2024-03-22 07:11:14'),
(246, 18, 2, 8, 3, 0.02027027027027, '2024-03-22 07:11:14', '2024-03-22 07:11:14'),
(247, 18, 2, 9, 3, 0.019607843137255, '2024-03-22 07:11:14', '2024-03-22 07:11:14'),
(248, 18, 3, 10, 3, 0.02158273381295, '2024-03-22 07:11:14', '2024-03-22 07:11:14'),
(249, 18, 3, 11, 3, 0.020979020979021, '2024-03-22 07:11:14', '2024-03-22 07:11:14'),
(250, 18, 3, 12, 2, 0.014925373134328, '2024-03-22 07:11:14', '2024-03-22 07:11:14'),
(251, 18, 3, 13, 3, 0.021897810218978, '2024-03-22 07:11:14', '2024-03-22 07:11:14'),
(252, 18, 3, 14, 2, 0.014184397163121, '2024-03-22 07:11:14', '2024-03-22 07:11:14'),
(253, 19, 1, 1, 3, 0.020979020979021, '2024-03-22 07:11:14', '2024-03-22 07:11:14'),
(254, 19, 1, 2, 3, 0.019480519480519, '2024-03-22 07:11:14', '2024-03-22 07:11:14'),
(255, 19, 1, 3, 3, 0.020134228187919, '2024-03-22 07:11:14', '2024-03-22 07:11:14'),
(256, 19, 1, 4, 4, 0.026315789473684, '2024-03-22 07:11:14', '2024-03-22 07:11:14'),
(257, 19, 2, 5, 4, 0.026143790849673, '2024-03-22 07:11:14', '2024-03-22 07:11:14'),
(258, 19, 2, 6, 4, 0.027777777777778, '2024-03-22 07:11:14', '2024-03-22 07:11:14'),
(259, 19, 2, 7, 4, 0.025974025974026, '2024-03-22 07:11:14', '2024-03-22 07:11:14'),
(260, 19, 2, 8, 3, 0.02027027027027, '2024-03-22 07:11:14', '2024-03-22 07:11:14'),
(261, 19, 2, 9, 4, 0.026143790849673, '2024-03-22 07:11:14', '2024-03-22 07:11:14'),
(262, 19, 3, 10, 3, 0.02158273381295, '2024-03-22 07:11:14', '2024-03-22 07:11:14'),
(263, 19, 3, 11, 4, 0.027972027972028, '2024-03-22 07:11:14', '2024-03-22 07:11:14'),
(264, 19, 3, 12, 3, 0.022388059701493, '2024-03-22 07:11:14', '2024-03-22 07:11:14'),
(265, 19, 3, 13, 3, 0.021897810218978, '2024-03-22 07:11:14', '2024-03-22 07:11:14'),
(266, 19, 3, 14, 3, 0.021276595744681, '2024-03-22 07:11:14', '2024-03-22 07:11:14'),
(267, 20, 1, 1, 3, 0.020979020979021, '2024-03-22 07:11:14', '2024-03-22 07:11:14'),
(268, 20, 1, 2, 3, 0.019480519480519, '2024-03-22 07:11:14', '2024-03-22 07:11:14'),
(269, 20, 1, 3, 2, 0.013422818791946, '2024-03-22 07:11:14', '2024-03-22 07:11:14'),
(270, 20, 1, 4, 3, 0.019736842105263, '2024-03-22 07:11:14', '2024-03-22 07:11:14'),
(271, 20, 2, 5, 3, 0.019607843137255, '2024-03-22 07:11:14', '2024-03-22 07:11:14'),
(272, 20, 2, 6, 3, 0.020833333333333, '2024-03-22 07:11:14', '2024-03-22 07:11:14'),
(273, 20, 2, 7, 3, 0.019480519480519, '2024-03-22 07:11:14', '2024-03-22 07:11:14'),
(274, 20, 2, 8, 3, 0.02027027027027, '2024-03-22 07:11:14', '2024-03-22 07:11:14'),
(275, 20, 2, 9, 3, 0.019607843137255, '2024-03-22 07:11:14', '2024-03-22 07:11:14'),
(276, 20, 3, 10, 3, 0.02158273381295, '2024-03-22 07:11:14', '2024-03-22 07:11:14'),
(277, 20, 3, 11, 3, 0.020979020979021, '2024-03-22 07:11:14', '2024-03-22 07:11:14'),
(278, 20, 3, 12, 2, 0.014925373134328, '2024-03-22 07:11:14', '2024-03-22 07:11:14'),
(279, 20, 3, 13, 2, 0.014598540145985, '2024-03-22 07:11:14', '2024-03-22 07:11:14'),
(280, 20, 3, 14, 2, 0.014184397163121, '2024-03-22 07:11:14', '2024-03-22 07:11:14'),
(281, 21, 1, 1, 3, 0.020979020979021, '2024-03-22 07:11:14', '2024-03-22 07:11:14'),
(282, 21, 1, 2, 3, 0.019480519480519, '2024-03-22 07:11:14', '2024-03-22 07:11:14'),
(283, 21, 1, 3, 3, 0.020134228187919, '2024-03-22 07:11:14', '2024-03-22 07:11:14'),
(284, 21, 1, 4, 2, 0.013157894736842, '2024-03-22 07:11:14', '2024-03-22 07:11:14'),
(285, 21, 2, 5, 3, 0.019607843137255, '2024-03-22 07:11:14', '2024-03-22 07:11:14'),
(286, 21, 2, 6, 3, 0.020833333333333, '2024-03-22 07:11:14', '2024-03-22 07:11:14'),
(287, 21, 2, 7, 3, 0.019480519480519, '2024-03-22 07:11:14', '2024-03-22 07:11:14'),
(288, 21, 2, 8, 3, 0.02027027027027, '2024-03-22 07:11:14', '2024-03-22 07:11:14'),
(289, 21, 2, 9, 2, 0.013071895424837, '2024-03-22 07:11:14', '2024-03-22 07:11:14'),
(290, 21, 3, 10, 3, 0.02158273381295, '2024-03-22 07:11:14', '2024-03-22 07:11:14'),
(291, 21, 3, 11, 3, 0.020979020979021, '2024-03-22 07:11:14', '2024-03-22 07:11:14'),
(292, 21, 3, 12, 3, 0.022388059701493, '2024-03-22 07:11:14', '2024-03-22 07:11:14'),
(293, 21, 3, 13, 3, 0.021897810218978, '2024-03-22 07:11:14', '2024-03-22 07:11:14'),
(294, 21, 3, 14, 3, 0.021276595744681, '2024-03-22 07:11:14', '2024-03-22 07:11:14'),
(295, 22, 1, 1, 2, 0.013986013986014, '2024-03-22 07:11:14', '2024-03-22 07:11:14'),
(296, 22, 1, 2, 4, 0.025974025974026, '2024-03-22 07:11:14', '2024-03-22 07:11:14'),
(297, 22, 1, 3, 4, 0.026845637583893, '2024-03-22 07:11:14', '2024-03-22 07:11:14'),
(298, 22, 1, 4, 4, 0.026315789473684, '2024-03-22 07:11:14', '2024-03-22 07:11:14'),
(299, 22, 2, 5, 4, 0.026143790849673, '2024-03-22 07:11:14', '2024-03-22 07:11:14'),
(300, 22, 2, 6, 4, 0.027777777777778, '2024-03-22 07:11:14', '2024-03-22 07:11:14'),
(301, 22, 2, 7, 3, 0.019480519480519, '2024-03-22 07:11:14', '2024-03-22 07:11:14'),
(302, 22, 2, 8, 4, 0.027027027027027, '2024-03-22 07:11:14', '2024-03-22 07:11:14'),
(303, 22, 2, 9, 3, 0.019607843137255, '2024-03-22 07:11:14', '2024-03-22 07:11:14'),
(304, 22, 3, 10, 3, 0.02158273381295, '2024-03-22 07:11:14', '2024-03-22 07:11:14'),
(305, 22, 3, 11, 4, 0.027972027972028, '2024-03-22 07:11:14', '2024-03-22 07:11:14'),
(306, 22, 3, 12, 4, 0.029850746268657, '2024-03-22 07:11:14', '2024-03-22 07:11:14'),
(307, 22, 3, 13, 3, 0.021897810218978, '2024-03-22 07:11:14', '2024-03-22 07:11:14'),
(308, 22, 3, 14, 3, 0.021276595744681, '2024-03-22 07:11:14', '2024-03-22 07:11:14'),
(309, 23, 1, 1, 4, 0.027972027972028, '2024-03-22 07:11:14', '2024-03-22 07:11:14'),
(310, 23, 1, 2, 3, 0.019480519480519, '2024-03-22 07:11:14', '2024-03-22 07:11:14'),
(311, 23, 1, 3, 3, 0.020134228187919, '2024-03-22 07:11:14', '2024-03-22 07:11:14'),
(312, 23, 1, 4, 3, 0.019736842105263, '2024-03-22 07:11:14', '2024-03-22 07:11:14'),
(313, 23, 2, 5, 3, 0.019607843137255, '2024-03-22 07:11:14', '2024-03-22 07:11:14'),
(314, 23, 2, 6, 3, 0.020833333333333, '2024-03-22 07:11:14', '2024-03-22 07:11:14'),
(315, 23, 2, 7, 3, 0.019480519480519, '2024-03-22 07:11:14', '2024-03-22 07:11:14'),
(316, 23, 2, 8, 3, 0.02027027027027, '2024-03-22 07:11:14', '2024-03-22 07:11:14'),
(317, 23, 2, 9, 3, 0.019607843137255, '2024-03-22 07:11:14', '2024-03-22 07:11:14'),
(318, 23, 3, 10, 3, 0.02158273381295, '2024-03-22 07:11:14', '2024-03-22 07:11:14'),
(319, 23, 3, 11, 3, 0.020979020979021, '2024-03-22 07:11:14', '2024-03-22 07:11:14'),
(320, 23, 3, 12, 3, 0.022388059701493, '2024-03-22 07:11:14', '2024-03-22 07:11:14'),
(321, 23, 3, 13, 4, 0.029197080291971, '2024-03-22 07:11:14', '2024-03-22 07:11:14'),
(322, 23, 3, 14, 3, 0.021276595744681, '2024-03-22 07:11:14', '2024-03-22 07:11:14'),
(323, 24, 1, 1, 3, 0.020979020979021, '2024-03-22 07:11:14', '2024-03-22 07:11:14'),
(324, 24, 1, 2, 3, 0.019480519480519, '2024-03-22 07:11:14', '2024-03-22 07:11:14'),
(325, 24, 1, 3, 4, 0.026845637583893, '2024-03-22 07:11:14', '2024-03-22 07:11:14'),
(326, 24, 1, 4, 4, 0.026315789473684, '2024-03-22 07:11:14', '2024-03-22 07:11:14'),
(327, 24, 2, 5, 4, 0.026143790849673, '2024-03-22 07:11:14', '2024-03-22 07:11:14'),
(328, 24, 2, 6, 3, 0.020833333333333, '2024-03-22 07:11:14', '2024-03-22 07:11:14'),
(329, 24, 2, 7, 4, 0.025974025974026, '2024-03-22 07:11:14', '2024-03-22 07:11:14'),
(330, 24, 2, 8, 3, 0.02027027027027, '2024-03-22 07:11:14', '2024-03-22 07:11:14'),
(331, 24, 2, 9, 4, 0.026143790849673, '2024-03-22 07:11:14', '2024-03-22 07:11:14'),
(332, 24, 3, 10, 3, 0.02158273381295, '2024-03-22 07:11:14', '2024-03-22 07:11:14'),
(333, 24, 3, 11, 3, 0.020979020979021, '2024-03-22 07:11:14', '2024-03-22 07:11:14'),
(334, 24, 3, 12, 3, 0.022388059701493, '2024-03-22 07:11:14', '2024-03-22 07:11:14'),
(335, 24, 3, 13, 3, 0.021897810218978, '2024-03-22 07:11:14', '2024-03-22 07:11:14'),
(336, 24, 3, 14, 3, 0.021276595744681, '2024-03-22 07:11:14', '2024-03-22 07:11:14'),
(337, 25, 1, 1, 3, 0.020979020979021, '2024-03-22 07:11:14', '2024-03-22 07:11:14'),
(338, 25, 1, 2, 3, 0.019480519480519, '2024-03-22 07:11:14', '2024-03-22 07:11:14'),
(339, 25, 1, 3, 4, 0.026845637583893, '2024-03-22 07:11:14', '2024-03-22 07:11:14'),
(340, 25, 1, 4, 3, 0.019736842105263, '2024-03-22 07:11:14', '2024-03-22 07:11:14'),
(341, 25, 2, 5, 4, 0.026143790849673, '2024-03-22 07:11:14', '2024-03-22 07:11:14'),
(342, 25, 2, 6, 4, 0.027777777777778, '2024-03-22 07:11:14', '2024-03-22 07:11:14'),
(343, 25, 2, 7, 3, 0.019480519480519, '2024-03-22 07:11:14', '2024-03-22 07:11:14'),
(344, 25, 2, 8, 4, 0.027027027027027, '2024-03-22 07:11:14', '2024-03-22 07:11:14'),
(345, 25, 2, 9, 3, 0.019607843137255, '2024-03-22 07:11:14', '2024-03-22 07:11:14'),
(346, 25, 3, 10, 3, 0.02158273381295, '2024-03-22 07:11:14', '2024-03-22 07:11:14'),
(347, 25, 3, 11, 4, 0.027972027972028, '2024-03-22 07:11:14', '2024-03-22 07:11:14'),
(348, 25, 3, 12, 3, 0.022388059701493, '2024-03-22 07:11:14', '2024-03-22 07:11:14'),
(349, 25, 3, 13, 3, 0.021897810218978, '2024-03-22 07:11:14', '2024-03-22 07:11:14'),
(350, 25, 3, 14, 4, 0.028368794326241, '2024-03-22 07:11:14', '2024-03-22 07:11:14'),
(351, 26, 1, 1, 4, 0.027972027972028, '2024-03-22 07:11:14', '2024-03-22 07:11:14'),
(352, 26, 1, 2, 3, 0.019480519480519, '2024-03-22 07:11:14', '2024-03-22 07:11:14'),
(353, 26, 1, 3, 3, 0.020134228187919, '2024-03-22 07:11:14', '2024-03-22 07:11:14'),
(354, 26, 1, 4, 3, 0.019736842105263, '2024-03-22 07:11:14', '2024-03-22 07:11:14'),
(355, 26, 2, 5, 4, 0.026143790849673, '2024-03-22 07:11:14', '2024-03-22 07:11:14'),
(356, 26, 2, 6, 3, 0.020833333333333, '2024-03-22 07:11:14', '2024-03-22 07:11:14'),
(357, 26, 2, 7, 3, 0.019480519480519, '2024-03-22 07:11:14', '2024-03-22 07:11:14'),
(358, 26, 2, 8, 3, 0.02027027027027, '2024-03-22 07:11:14', '2024-03-22 07:11:14'),
(359, 26, 2, 9, 3, 0.019607843137255, '2024-03-22 07:11:14', '2024-03-22 07:11:14'),
(360, 26, 3, 10, 3, 0.02158273381295, '2024-03-22 07:11:14', '2024-03-22 07:11:14'),
(361, 26, 3, 11, 3, 0.020979020979021, '2024-03-22 07:11:14', '2024-03-22 07:11:14'),
(362, 26, 3, 12, 3, 0.022388059701493, '2024-03-22 07:11:14', '2024-03-22 07:11:14'),
(363, 26, 3, 13, 3, 0.021897810218978, '2024-03-22 07:11:14', '2024-03-22 07:11:14'),
(364, 26, 3, 14, 3, 0.021276595744681, '2024-03-22 07:11:14', '2024-03-22 07:11:14'),
(365, 27, 1, 1, 3, 0.020979020979021, '2024-03-22 07:11:14', '2024-03-22 07:11:14'),
(366, 27, 1, 2, 3, 0.019480519480519, '2024-03-22 07:11:14', '2024-03-22 07:11:14'),
(367, 27, 1, 3, 3, 0.020134228187919, '2024-03-22 07:11:14', '2024-03-22 07:11:14'),
(368, 27, 1, 4, 3, 0.019736842105263, '2024-03-22 07:11:14', '2024-03-22 07:11:14'),
(369, 27, 2, 5, 4, 0.026143790849673, '2024-03-22 07:11:14', '2024-03-22 07:11:14'),
(370, 27, 2, 6, 3, 0.020833333333333, '2024-03-22 07:11:14', '2024-03-22 07:11:14'),
(371, 27, 2, 7, 3, 0.019480519480519, '2024-03-22 07:11:14', '2024-03-22 07:11:14'),
(372, 27, 2, 8, 3, 0.02027027027027, '2024-03-22 07:11:14', '2024-03-22 07:11:14'),
(373, 27, 2, 9, 3, 0.019607843137255, '2024-03-22 07:11:14', '2024-03-22 07:11:14'),
(374, 27, 3, 10, 3, 0.02158273381295, '2024-03-22 07:11:14', '2024-03-22 07:11:14'),
(375, 27, 3, 11, 3, 0.020979020979021, '2024-03-22 07:11:14', '2024-03-22 07:11:14'),
(376, 27, 3, 12, 3, 0.022388059701493, '2024-03-22 07:11:14', '2024-03-22 07:11:14'),
(377, 27, 3, 13, 2, 0.014598540145985, '2024-03-22 07:11:14', '2024-03-22 07:11:14'),
(378, 27, 3, 14, 3, 0.021276595744681, '2024-03-22 07:11:14', '2024-03-22 07:11:14'),
(379, 28, 1, 1, 4, 0.027972027972028, '2024-03-22 07:11:14', '2024-03-22 07:11:14'),
(380, 28, 1, 2, 4, 0.025974025974026, '2024-03-22 07:11:14', '2024-03-22 07:11:14'),
(381, 28, 1, 3, 4, 0.026845637583893, '2024-03-22 07:11:14', '2024-03-22 07:11:14'),
(382, 28, 1, 4, 4, 0.026315789473684, '2024-03-22 07:11:14', '2024-03-22 07:11:14'),
(383, 28, 2, 5, 4, 0.026143790849673, '2024-03-22 07:11:14', '2024-03-22 07:11:14'),
(384, 28, 2, 6, 4, 0.027777777777778, '2024-03-22 07:11:14', '2024-03-22 07:11:14'),
(385, 28, 2, 7, 4, 0.025974025974026, '2024-03-22 07:11:14', '2024-03-22 07:11:14'),
(386, 28, 2, 8, 3, 0.02027027027027, '2024-03-22 07:11:14', '2024-03-22 07:11:14'),
(387, 28, 2, 9, 3, 0.019607843137255, '2024-03-22 07:11:14', '2024-03-22 07:11:14'),
(388, 28, 3, 10, 4, 0.028776978417266, '2024-03-22 07:11:14', '2024-03-22 07:11:14'),
(389, 28, 3, 11, 4, 0.027972027972028, '2024-03-22 07:11:14', '2024-03-22 07:11:14'),
(390, 28, 3, 12, 3, 0.022388059701493, '2024-03-22 07:11:14', '2024-03-22 07:11:14'),
(391, 28, 3, 13, 3, 0.021897810218978, '2024-03-22 07:11:14', '2024-03-22 07:11:14'),
(392, 28, 3, 14, 4, 0.028368794326241, '2024-03-22 07:11:14', '2024-03-22 07:11:14'),
(393, 29, 1, 1, 3, 0.020979020979021, '2024-03-22 07:11:14', '2024-03-22 07:11:14'),
(394, 29, 1, 2, 4, 0.025974025974026, '2024-03-22 07:11:14', '2024-03-22 07:11:14'),
(395, 29, 1, 3, 4, 0.026845637583893, '2024-03-22 07:11:14', '2024-03-22 07:11:14'),
(396, 29, 1, 4, 3, 0.019736842105263, '2024-03-22 07:11:14', '2024-03-22 07:11:14'),
(397, 29, 2, 5, 3, 0.019607843137255, '2024-03-22 07:11:14', '2024-03-22 07:11:14'),
(398, 29, 2, 6, 4, 0.027777777777778, '2024-03-22 07:11:14', '2024-03-22 07:11:14'),
(399, 29, 2, 7, 4, 0.025974025974026, '2024-03-22 07:11:14', '2024-03-22 07:11:14'),
(400, 29, 2, 8, 3, 0.02027027027027, '2024-03-22 07:11:14', '2024-03-22 07:11:14'),
(401, 29, 2, 9, 3, 0.019607843137255, '2024-03-22 07:11:14', '2024-03-22 07:11:14'),
(402, 29, 3, 10, 4, 0.028776978417266, '2024-03-22 07:11:14', '2024-03-22 07:11:14'),
(403, 29, 3, 11, 4, 0.027972027972028, '2024-03-22 07:11:14', '2024-03-22 07:11:14'),
(404, 29, 3, 12, 3, 0.022388059701493, '2024-03-22 07:11:14', '2024-03-22 07:11:14'),
(405, 29, 3, 13, 3, 0.021897810218978, '2024-03-22 07:11:14', '2024-03-22 07:11:14'),
(406, 29, 3, 14, 3, 0.021276595744681, '2024-03-22 07:11:14', '2024-03-22 07:11:14'),
(407, 30, 1, 1, 3, 0.020979020979021, '2024-03-22 07:11:14', '2024-03-22 07:11:14'),
(408, 30, 1, 2, 3, 0.019480519480519, '2024-03-22 07:11:14', '2024-03-22 07:11:14'),
(409, 30, 1, 3, 3, 0.020134228187919, '2024-03-22 07:11:14', '2024-03-22 07:11:14'),
(410, 30, 1, 4, 3, 0.019736842105263, '2024-03-22 07:11:14', '2024-03-22 07:11:14'),
(411, 30, 2, 5, 3, 0.019607843137255, '2024-03-22 07:11:14', '2024-03-22 07:11:14'),
(412, 30, 2, 6, 3, 0.020833333333333, '2024-03-22 07:11:14', '2024-03-22 07:11:14'),
(413, 30, 2, 7, 3, 0.019480519480519, '2024-03-22 07:11:14', '2024-03-22 07:11:14'),
(414, 30, 2, 8, 4, 0.027027027027027, '2024-03-22 07:11:14', '2024-03-22 07:11:14'),
(415, 30, 2, 9, 4, 0.026143790849673, '2024-03-22 07:11:14', '2024-03-22 07:11:14'),
(416, 30, 3, 10, 2, 0.014388489208633, '2024-03-22 07:11:14', '2024-03-22 07:11:14'),
(417, 30, 3, 11, 3, 0.020979020979021, '2024-03-22 07:11:14', '2024-03-22 07:11:14'),
(418, 30, 3, 12, 3, 0.022388059701493, '2024-03-22 07:11:14', '2024-03-22 07:11:14'),
(419, 30, 3, 13, 3, 0.021897810218978, '2024-03-22 07:11:14', '2024-03-22 07:11:14'),
(420, 30, 3, 14, 3, 0.021276595744681, '2024-03-22 07:11:14', '2024-03-22 07:11:14'),
(421, 31, 1, 1, 2, 0.013986013986014, '2024-03-22 07:11:14', '2024-03-22 07:11:14'),
(422, 31, 1, 2, 2, 0.012987012987013, '2024-03-22 07:11:14', '2024-03-22 07:11:14'),
(423, 31, 1, 3, 3, 0.020134228187919, '2024-03-22 07:11:14', '2024-03-22 07:11:14'),
(424, 31, 1, 4, 2, 0.013157894736842, '2024-03-22 07:11:14', '2024-03-22 07:11:14'),
(425, 31, 2, 5, 2, 0.013071895424837, '2024-03-22 07:11:14', '2024-03-22 07:11:14'),
(426, 31, 2, 6, 2, 0.013888888888889, '2024-03-22 07:11:14', '2024-03-22 07:11:14'),
(427, 31, 2, 7, 3, 0.019480519480519, '2024-03-22 07:11:14', '2024-03-22 07:11:14'),
(428, 31, 2, 8, 2, 0.013513513513514, '2024-03-22 07:11:14', '2024-03-22 07:11:14'),
(429, 31, 2, 9, 2, 0.013071895424837, '2024-03-22 07:11:14', '2024-03-22 07:11:14'),
(430, 31, 3, 10, 2, 0.014388489208633, '2024-03-22 07:11:14', '2024-03-22 07:11:14'),
(431, 31, 3, 11, 2, 0.013986013986014, '2024-03-22 07:11:14', '2024-03-22 07:11:14'),
(432, 31, 3, 12, 3, 0.022388059701493, '2024-03-22 07:11:14', '2024-03-22 07:11:14'),
(433, 31, 3, 13, 3, 0.021897810218978, '2024-03-22 07:11:14', '2024-03-22 07:11:14'),
(434, 31, 3, 14, 2, 0.014184397163121, '2024-03-22 07:11:14', '2024-03-22 07:11:14'),
(435, 32, 1, 1, 2, 0.013986013986014, '2024-03-22 07:11:14', '2024-03-22 07:11:14'),
(436, 32, 1, 2, 3, 0.019480519480519, '2024-03-22 07:11:14', '2024-03-22 07:11:14'),
(437, 32, 1, 3, 3, 0.020134228187919, '2024-03-22 07:11:14', '2024-03-22 07:11:14'),
(438, 32, 1, 4, 2, 0.013157894736842, '2024-03-22 07:11:14', '2024-03-22 07:11:14'),
(439, 32, 2, 5, 3, 0.019607843137255, '2024-03-22 07:11:14', '2024-03-22 07:11:14'),
(440, 32, 2, 6, 3, 0.020833333333333, '2024-03-22 07:11:14', '2024-03-22 07:11:14'),
(441, 32, 2, 7, 3, 0.019480519480519, '2024-03-22 07:11:14', '2024-03-22 07:11:14'),
(442, 32, 2, 8, 3, 0.02027027027027, '2024-03-22 07:11:14', '2024-03-22 07:11:14'),
(443, 32, 2, 9, 2, 0.013071895424837, '2024-03-22 07:11:14', '2024-03-22 07:11:14'),
(444, 32, 3, 10, 2, 0.014388489208633, '2024-03-22 07:11:14', '2024-03-22 07:11:14'),
(445, 32, 3, 11, 3, 0.020979020979021, '2024-03-22 07:11:14', '2024-03-22 07:11:14'),
(446, 32, 3, 12, 2, 0.014925373134328, '2024-03-22 07:11:14', '2024-03-22 07:11:14'),
(447, 32, 3, 13, 3, 0.021897810218978, '2024-03-22 07:11:14', '2024-03-22 07:11:14'),
(448, 32, 3, 14, 3, 0.021276595744681, '2024-03-22 07:11:14', '2024-03-22 07:11:14'),
(449, 33, 1, 1, 3, 0.020979020979021, '2024-03-22 07:11:14', '2024-03-22 07:11:14'),
(450, 33, 1, 2, 3, 0.019480519480519, '2024-03-22 07:11:14', '2024-03-22 07:11:14'),
(451, 33, 1, 3, 2, 0.013422818791946, '2024-03-22 07:11:14', '2024-03-22 07:11:14'),
(452, 33, 1, 4, 2, 0.013157894736842, '2024-03-22 07:11:14', '2024-03-22 07:11:14'),
(453, 33, 2, 5, 2, 0.013071895424837, '2024-03-22 07:11:14', '2024-03-22 07:11:14'),
(454, 33, 2, 6, 3, 0.020833333333333, '2024-03-22 07:11:14', '2024-03-22 07:11:14'),
(455, 33, 2, 7, 3, 0.019480519480519, '2024-03-22 07:11:14', '2024-03-22 07:11:14'),
(456, 33, 2, 8, 3, 0.02027027027027, '2024-03-22 07:11:14', '2024-03-22 07:11:14'),
(457, 33, 2, 9, 3, 0.019607843137255, '2024-03-22 07:11:14', '2024-03-22 07:11:14'),
(458, 33, 3, 10, 2, 0.014388489208633, '2024-03-22 07:11:14', '2024-03-22 07:11:14'),
(459, 33, 3, 11, 2, 0.013986013986014, '2024-03-22 07:11:14', '2024-03-22 07:11:14'),
(460, 33, 3, 12, 2, 0.014925373134328, '2024-03-22 07:11:14', '2024-03-22 07:11:14'),
(461, 33, 3, 13, 2, 0.014598540145985, '2024-03-22 07:11:14', '2024-03-22 07:11:14'),
(462, 33, 3, 14, 3, 0.021276595744681, '2024-03-22 07:11:14', '2024-03-22 07:11:14'),
(463, 34, 1, 1, 2, 0.013986013986014, '2024-03-22 07:11:14', '2024-03-22 07:11:14'),
(464, 34, 1, 2, 3, 0.019480519480519, '2024-03-22 07:11:14', '2024-03-22 07:11:14'),
(465, 34, 1, 3, 3, 0.020134228187919, '2024-03-22 07:11:14', '2024-03-22 07:11:14'),
(466, 34, 1, 4, 3, 0.019736842105263, '2024-03-22 07:11:14', '2024-03-22 07:11:14'),
(467, 34, 2, 5, 3, 0.019607843137255, '2024-03-22 07:11:14', '2024-03-22 07:11:14'),
(468, 34, 2, 6, 2, 0.013888888888889, '2024-03-22 07:11:14', '2024-03-22 07:11:14'),
(469, 34, 2, 7, 2, 0.012987012987013, '2024-03-22 07:11:14', '2024-03-22 07:11:14'),
(470, 34, 2, 8, 2, 0.013513513513514, '2024-03-22 07:11:14', '2024-03-22 07:11:14'),
(471, 34, 2, 9, 2, 0.013071895424837, '2024-03-22 07:11:14', '2024-03-22 07:11:14'),
(472, 34, 3, 10, 2, 0.014388489208633, '2024-03-22 07:11:14', '2024-03-22 07:11:14'),
(473, 34, 3, 11, 2, 0.013986013986014, '2024-03-22 07:11:14', '2024-03-22 07:11:14'),
(474, 34, 3, 12, 3, 0.022388059701493, '2024-03-22 07:11:14', '2024-03-22 07:11:14'),
(475, 34, 3, 13, 2, 0.014598540145985, '2024-03-22 07:11:14', '2024-03-22 07:11:14'),
(476, 34, 3, 14, 3, 0.021276595744681, '2024-03-22 07:11:14', '2024-03-22 07:11:14'),
(477, 35, 1, 1, 2, 0.013986013986014, '2024-03-22 07:11:14', '2024-03-22 07:11:14'),
(478, 35, 1, 2, 3, 0.019480519480519, '2024-03-22 07:11:14', '2024-03-22 07:11:14'),
(479, 35, 1, 3, 2, 0.013422818791946, '2024-03-22 07:11:14', '2024-03-22 07:11:14'),
(480, 35, 1, 4, 3, 0.019736842105263, '2024-03-22 07:11:14', '2024-03-22 07:11:14'),
(481, 35, 2, 5, 3, 0.019607843137255, '2024-03-22 07:11:14', '2024-03-22 07:11:14'),
(482, 35, 2, 6, 2, 0.013888888888889, '2024-03-22 07:11:14', '2024-03-22 07:11:14'),
(483, 35, 2, 7, 3, 0.019480519480519, '2024-03-22 07:11:14', '2024-03-22 07:11:14'),
(484, 35, 2, 8, 3, 0.02027027027027, '2024-03-22 07:11:14', '2024-03-22 07:11:14'),
(485, 35, 2, 9, 3, 0.019607843137255, '2024-03-22 07:11:14', '2024-03-22 07:11:14'),
(486, 35, 3, 10, 3, 0.02158273381295, '2024-03-22 07:11:14', '2024-03-22 07:11:14'),
(487, 35, 3, 11, 2, 0.013986013986014, '2024-03-22 07:11:14', '2024-03-22 07:11:14'),
(488, 35, 3, 12, 2, 0.014925373134328, '2024-03-22 07:11:14', '2024-03-22 07:11:14'),
(489, 35, 3, 13, 2, 0.014598540145985, '2024-03-22 07:11:14', '2024-03-22 07:11:14'),
(490, 35, 3, 14, 3, 0.021276595744681, '2024-03-22 07:11:14', '2024-03-22 07:11:14'),
(491, 36, 1, 1, 3, 0.020979020979021, '2024-03-22 07:11:14', '2024-03-22 07:11:14'),
(492, 36, 1, 2, 4, 0.025974025974026, '2024-03-22 07:11:14', '2024-03-22 07:11:14'),
(493, 36, 1, 3, 4, 0.026845637583893, '2024-03-22 07:11:14', '2024-03-22 07:11:14'),
(494, 36, 1, 4, 3, 0.019736842105263, '2024-03-22 07:11:14', '2024-03-22 07:11:14'),
(495, 36, 2, 5, 4, 0.026143790849673, '2024-03-22 07:11:14', '2024-03-22 07:11:14'),
(496, 36, 2, 6, 3, 0.020833333333333, '2024-03-22 07:11:14', '2024-03-22 07:11:14'),
(497, 36, 2, 7, 4, 0.025974025974026, '2024-03-22 07:11:14', '2024-03-22 07:11:14'),
(498, 36, 2, 8, 3, 0.02027027027027, '2024-03-22 07:11:14', '2024-03-22 07:11:14'),
(499, 36, 2, 9, 3, 0.019607843137255, '2024-03-22 07:11:14', '2024-03-22 07:11:14'),
(500, 36, 3, 10, 4, 0.028776978417266, '2024-03-22 07:11:14', '2024-03-22 07:11:14'),
(501, 36, 3, 11, 4, 0.027972027972028, '2024-03-22 07:11:14', '2024-03-22 07:11:14'),
(502, 36, 3, 12, 4, 0.029850746268657, '2024-03-22 07:11:14', '2024-03-22 07:11:14'),
(503, 36, 3, 13, 3, 0.021897810218978, '2024-03-22 07:11:14', '2024-03-22 07:11:14'),
(504, 36, 3, 14, 3, 0.021276595744681, '2024-03-22 07:11:14', '2024-03-22 07:11:14'),
(505, 37, 1, 1, 4, 0.027972027972028, '2024-03-22 07:11:14', '2024-03-22 07:11:14'),
(506, 37, 1, 2, 4, 0.025974025974026, '2024-03-22 07:11:14', '2024-03-22 07:11:14'),
(507, 37, 1, 3, 4, 0.026845637583893, '2024-03-22 07:11:14', '2024-03-22 07:11:14'),
(508, 37, 1, 4, 3, 0.019736842105263, '2024-03-22 07:11:14', '2024-03-22 07:11:14'),
(509, 37, 2, 5, 4, 0.026143790849673, '2024-03-22 07:11:14', '2024-03-22 07:11:14'),
(510, 37, 2, 6, 4, 0.027777777777778, '2024-03-22 07:11:14', '2024-03-22 07:11:14'),
(511, 37, 2, 7, 4, 0.025974025974026, '2024-03-22 07:11:14', '2024-03-22 07:11:14'),
(512, 37, 2, 8, 3, 0.02027027027027, '2024-03-22 07:11:14', '2024-03-22 07:11:14'),
(513, 37, 2, 9, 3, 0.019607843137255, '2024-03-22 07:11:14', '2024-03-22 07:11:14'),
(514, 37, 3, 10, 4, 0.028776978417266, '2024-03-22 07:11:14', '2024-03-22 07:11:14'),
(515, 37, 3, 11, 4, 0.027972027972028, '2024-03-22 07:11:14', '2024-03-22 07:11:14'),
(516, 37, 3, 12, 3, 0.022388059701493, '2024-03-22 07:11:14', '2024-03-22 07:11:14'),
(517, 37, 3, 13, 3, 0.021897810218978, '2024-03-22 07:11:14', '2024-03-22 07:11:14'),
(518, 37, 3, 14, 3, 0.021276595744681, '2024-03-22 07:11:14', '2024-03-22 07:11:14'),
(519, 38, 1, 1, 3, 0.020979020979021, '2024-03-22 07:11:14', '2024-03-22 07:11:14'),
(520, 38, 1, 2, 4, 0.025974025974026, '2024-03-22 07:11:14', '2024-03-22 07:11:14'),
(521, 38, 1, 3, 4, 0.026845637583893, '2024-03-22 07:11:14', '2024-03-22 07:11:14'),
(522, 38, 1, 4, 4, 0.026315789473684, '2024-03-22 07:11:14', '2024-03-22 07:11:14'),
(523, 38, 2, 5, 4, 0.026143790849673, '2024-03-22 07:11:14', '2024-03-22 07:11:14'),
(524, 38, 2, 6, 4, 0.027777777777778, '2024-03-22 07:11:14', '2024-03-22 07:11:14'),
(525, 38, 2, 7, 4, 0.025974025974026, '2024-03-22 07:11:14', '2024-03-22 07:11:14'),
(526, 38, 2, 8, 3, 0.02027027027027, '2024-03-22 07:11:14', '2024-03-22 07:11:14'),
(527, 38, 2, 9, 3, 0.019607843137255, '2024-03-22 07:11:14', '2024-03-22 07:11:14'),
(528, 38, 3, 10, 3, 0.02158273381295, '2024-03-22 07:11:14', '2024-03-22 07:11:14'),
(529, 38, 3, 11, 4, 0.027972027972028, '2024-03-22 07:11:14', '2024-03-22 07:11:14'),
(530, 38, 3, 12, 3, 0.022388059701493, '2024-03-22 07:11:14', '2024-03-22 07:11:14'),
(531, 38, 3, 13, 3, 0.021897810218978, '2024-03-22 07:11:14', '2024-03-22 07:11:14'),
(532, 38, 3, 14, 3, 0.021276595744681, '2024-03-22 07:11:14', '2024-03-22 07:11:14'),
(533, 39, 1, 1, 4, 0.027972027972028, '2024-03-22 07:11:14', '2024-03-22 07:11:14'),
(534, 39, 1, 2, 4, 0.025974025974026, '2024-03-22 07:11:14', '2024-03-22 07:11:14'),
(535, 39, 1, 3, 4, 0.026845637583893, '2024-03-22 07:11:14', '2024-03-22 07:11:14'),
(536, 39, 1, 4, 4, 0.026315789473684, '2024-03-22 07:11:14', '2024-03-22 07:11:14'),
(537, 39, 2, 5, 4, 0.026143790849673, '2024-03-22 07:11:14', '2024-03-22 07:11:14'),
(538, 39, 2, 6, 4, 0.027777777777778, '2024-03-22 07:11:14', '2024-03-22 07:11:14'),
(539, 39, 2, 7, 4, 0.025974025974026, '2024-03-22 07:11:14', '2024-03-22 07:11:14'),
(540, 39, 2, 8, 3, 0.02027027027027, '2024-03-22 07:11:14', '2024-03-22 07:11:14'),
(541, 39, 2, 9, 4, 0.026143790849673, '2024-03-22 07:11:14', '2024-03-22 07:11:14'),
(542, 39, 3, 10, 4, 0.028776978417266, '2024-03-22 07:11:14', '2024-03-22 07:11:14'),
(543, 39, 3, 11, 4, 0.027972027972028, '2024-03-22 07:11:14', '2024-03-22 07:11:14'),
(544, 39, 3, 12, 4, 0.029850746268657, '2024-03-22 07:11:14', '2024-03-22 07:11:14'),
(545, 39, 3, 13, 3, 0.021897810218978, '2024-03-22 07:11:14', '2024-03-22 07:11:14'),
(546, 39, 3, 14, 3, 0.021276595744681, '2024-03-22 07:11:14', '2024-03-22 07:11:14'),
(547, 40, 1, 1, 2, 0.013986013986014, '2024-03-22 07:11:14', '2024-03-22 07:11:14'),
(548, 40, 1, 2, 2, 0.012987012987013, '2024-03-22 07:11:14', '2024-03-22 07:11:14'),
(549, 40, 1, 3, 3, 0.020134228187919, '2024-03-22 07:11:14', '2024-03-22 07:11:14'),
(550, 40, 1, 4, 3, 0.019736842105263, '2024-03-22 07:11:14', '2024-03-22 07:11:14'),
(551, 40, 2, 5, 2, 0.013071895424837, '2024-03-22 07:11:14', '2024-03-22 07:11:14'),
(552, 40, 2, 6, 2, 0.013888888888889, '2024-03-22 07:11:14', '2024-03-22 07:11:14'),
(553, 40, 2, 7, 2, 0.012987012987013, '2024-03-22 07:11:14', '2024-03-22 07:11:14'),
(554, 40, 2, 8, 2, 0.013513513513514, '2024-03-22 07:11:14', '2024-03-22 07:11:14'),
(555, 40, 2, 9, 3, 0.019607843137255, '2024-03-22 07:11:14', '2024-03-22 07:11:14'),
(556, 40, 3, 10, 2, 0.014388489208633, '2024-03-22 07:11:14', '2024-03-22 07:11:14'),
(557, 40, 3, 11, 2, 0.013986013986014, '2024-03-22 07:11:14', '2024-03-22 07:11:14'),
(558, 40, 3, 12, 3, 0.022388059701493, '2024-03-22 07:11:14', '2024-03-22 07:11:14'),
(559, 40, 3, 13, 2, 0.014598540145985, '2024-03-22 07:11:14', '2024-03-22 07:11:14'),
(560, 40, 3, 14, 3, 0.021276595744681, '2024-03-22 07:11:14', '2024-03-22 07:11:14'),
(561, 41, 1, 1, 3, 0.020979020979021, '2024-03-22 07:11:14', '2024-03-22 07:11:14'),
(562, 41, 1, 2, 3, 0.019480519480519, '2024-03-22 07:11:14', '2024-03-22 07:11:14'),
(563, 41, 1, 3, 3, 0.020134228187919, '2024-03-22 07:11:14', '2024-03-22 07:11:14'),
(564, 41, 1, 4, 3, 0.019736842105263, '2024-03-22 07:11:14', '2024-03-22 07:11:14'),
(565, 41, 2, 5, 2, 0.013071895424837, '2024-03-22 07:11:14', '2024-03-22 07:11:14'),
(566, 41, 2, 6, 2, 0.013888888888889, '2024-03-22 07:11:14', '2024-03-22 07:11:14'),
(567, 41, 2, 7, 3, 0.019480519480519, '2024-03-22 07:11:14', '2024-03-22 07:11:14'),
(568, 41, 2, 8, 3, 0.02027027027027, '2024-03-22 07:11:14', '2024-03-22 07:11:14'),
(569, 41, 2, 9, 3, 0.019607843137255, '2024-03-22 07:11:14', '2024-03-22 07:11:14'),
(570, 41, 3, 10, 2, 0.014388489208633, '2024-03-22 07:11:14', '2024-03-22 07:11:14'),
(571, 41, 3, 11, 2, 0.013986013986014, '2024-03-22 07:11:14', '2024-03-22 07:11:14'),
(572, 41, 3, 12, 2, 0.014925373134328, '2024-03-22 07:11:14', '2024-03-22 07:11:14'),
(573, 41, 3, 13, 2, 0.014598540145985, '2024-03-22 07:11:14', '2024-03-22 07:11:14'),
(574, 41, 3, 14, 3, 0.021276595744681, '2024-03-22 07:11:14', '2024-03-22 07:11:14'),
(575, 42, 1, 1, 2, 0.013986013986014, '2024-03-22 07:11:14', '2024-03-22 07:11:14'),
(576, 42, 1, 2, 3, 0.019480519480519, '2024-03-22 07:11:14', '2024-03-22 07:11:14'),
(577, 42, 1, 3, 2, 0.013422818791946, '2024-03-22 07:11:14', '2024-03-22 07:11:14'),
(578, 42, 1, 4, 3, 0.019736842105263, '2024-03-22 07:11:14', '2024-03-22 07:11:14'),
(579, 42, 2, 5, 3, 0.019607843137255, '2024-03-22 07:11:14', '2024-03-22 07:11:14'),
(580, 42, 2, 6, 3, 0.020833333333333, '2024-03-22 07:11:14', '2024-03-22 07:11:14'),
(581, 42, 2, 7, 3, 0.019480519480519, '2024-03-22 07:11:14', '2024-03-22 07:11:14'),
(582, 42, 2, 8, 3, 0.02027027027027, '2024-03-22 07:11:14', '2024-03-22 07:11:14'),
(583, 42, 2, 9, 3, 0.019607843137255, '2024-03-22 07:11:14', '2024-03-22 07:11:14'),
(584, 42, 3, 10, 3, 0.02158273381295, '2024-03-22 07:11:14', '2024-03-22 07:11:14'),
(585, 42, 3, 11, 3, 0.020979020979021, '2024-03-22 07:11:14', '2024-03-22 07:11:14'),
(586, 42, 3, 12, 2, 0.014925373134328, '2024-03-22 07:11:14', '2024-03-22 07:11:14'),
(587, 42, 3, 13, 3, 0.021897810218978, '2024-03-22 07:11:14', '2024-03-22 07:11:14'),
(588, 42, 3, 14, 3, 0.021276595744681, '2024-03-22 07:11:14', '2024-03-22 07:11:14'),
(589, 43, 1, 1, 3, 0.020979020979021, '2024-03-22 07:11:14', '2024-03-22 07:11:14'),
(590, 43, 1, 2, 3, 0.019480519480519, '2024-03-22 07:11:14', '2024-03-22 07:11:14'),
(591, 43, 1, 3, 4, 0.026845637583893, '2024-03-22 07:11:14', '2024-03-22 07:11:14'),
(592, 43, 1, 4, 4, 0.026315789473684, '2024-03-22 07:11:14', '2024-03-22 07:11:14'),
(593, 43, 2, 5, 4, 0.026143790849673, '2024-03-22 07:11:14', '2024-03-22 07:11:14'),
(594, 43, 2, 6, 3, 0.020833333333333, '2024-03-22 07:11:14', '2024-03-22 07:11:14'),
(595, 43, 2, 7, 3, 0.019480519480519, '2024-03-22 07:11:14', '2024-03-22 07:11:14'),
(596, 43, 2, 8, 3, 0.02027027027027, '2024-03-22 07:11:14', '2024-03-22 07:11:14'),
(597, 43, 2, 9, 3, 0.019607843137255, '2024-03-22 07:11:14', '2024-03-22 07:11:14'),
(598, 43, 3, 10, 3, 0.02158273381295, '2024-03-22 07:11:14', '2024-03-22 07:11:14'),
(599, 43, 3, 11, 4, 0.027972027972028, '2024-03-22 07:11:14', '2024-03-22 07:11:14'),
(600, 43, 3, 12, 3, 0.022388059701493, '2024-03-22 07:11:14', '2024-03-22 07:11:14'),
(601, 43, 3, 13, 3, 0.021897810218978, '2024-03-22 07:11:14', '2024-03-22 07:11:14');
INSERT INTO `assessments` (`id`, `employee_id`, `criteria_id`, `subcriteria_id`, `value`, `normalization_value`, `created_at`, `updated_at`) VALUES
(602, 43, 3, 14, 3, 0.021276595744681, '2024-03-22 07:11:14', '2024-03-22 07:11:14'),
(603, 44, 1, 1, 3, 0.020979020979021, '2024-03-22 07:11:14', '2024-03-22 07:11:14'),
(604, 44, 1, 2, 3, 0.019480519480519, '2024-03-22 07:11:14', '2024-03-22 07:11:14'),
(605, 44, 1, 3, 4, 0.026845637583893, '2024-03-22 07:11:14', '2024-03-22 07:11:14'),
(606, 44, 1, 4, 4, 0.026315789473684, '2024-03-22 07:11:14', '2024-03-22 07:11:14'),
(607, 44, 2, 5, 4, 0.026143790849673, '2024-03-22 07:11:14', '2024-03-22 07:11:14'),
(608, 44, 2, 6, 3, 0.020833333333333, '2024-03-22 07:11:14', '2024-03-22 07:11:14'),
(609, 44, 2, 7, 4, 0.025974025974026, '2024-03-22 07:11:14', '2024-03-22 07:11:14'),
(610, 44, 2, 8, 3, 0.02027027027027, '2024-03-22 07:11:14', '2024-03-22 07:11:14'),
(611, 44, 2, 9, 3, 0.019607843137255, '2024-03-22 07:11:14', '2024-03-22 07:11:14'),
(612, 44, 3, 10, 3, 0.02158273381295, '2024-03-22 07:11:14', '2024-03-22 07:11:14'),
(613, 44, 3, 11, 3, 0.020979020979021, '2024-03-22 07:11:14', '2024-03-22 07:11:14'),
(614, 44, 3, 12, 4, 0.029850746268657, '2024-03-22 07:11:14', '2024-03-22 07:11:14'),
(615, 44, 3, 13, 3, 0.021897810218978, '2024-03-22 07:11:14', '2024-03-22 07:11:14'),
(616, 44, 3, 14, 3, 0.021276595744681, '2024-03-22 07:11:14', '2024-03-22 07:11:14'),
(617, 45, 1, 1, 3, 0.020979020979021, '2024-03-22 07:11:14', '2024-03-22 07:11:14'),
(618, 45, 1, 2, 3, 0.019480519480519, '2024-03-22 07:11:14', '2024-03-22 07:11:14'),
(619, 45, 1, 3, 2, 0.013422818791946, '2024-03-22 07:11:14', '2024-03-22 07:11:14'),
(620, 45, 1, 4, 3, 0.019736842105263, '2024-03-22 07:11:14', '2024-03-22 07:11:14'),
(621, 45, 2, 5, 3, 0.019607843137255, '2024-03-22 07:11:14', '2024-03-22 07:11:14'),
(622, 45, 2, 6, 3, 0.020833333333333, '2024-03-22 07:11:14', '2024-03-22 07:11:14'),
(623, 45, 2, 7, 3, 0.019480519480519, '2024-03-22 07:11:14', '2024-03-22 07:11:14'),
(624, 45, 2, 8, 3, 0.02027027027027, '2024-03-22 07:11:14', '2024-03-22 07:11:14'),
(625, 45, 2, 9, 4, 0.026143790849673, '2024-03-22 07:11:14', '2024-03-22 07:11:14'),
(626, 45, 3, 10, 2, 0.014388489208633, '2024-03-22 07:11:14', '2024-03-22 07:11:14'),
(627, 45, 3, 11, 3, 0.020979020979021, '2024-03-22 07:11:14', '2024-03-22 07:11:14'),
(628, 45, 3, 12, 3, 0.022388059701493, '2024-03-22 07:11:14', '2024-03-22 07:11:14'),
(629, 45, 3, 13, 3, 0.021897810218978, '2024-03-22 07:11:14', '2024-03-22 07:11:14'),
(630, 45, 3, 14, 3, 0.021276595744681, '2024-03-22 07:11:14', '2024-03-22 07:11:14'),
(631, 46, 1, 1, 3, 0.020979020979021, '2024-03-22 07:11:14', '2024-03-22 07:11:14'),
(632, 46, 1, 2, 3, 0.019480519480519, '2024-03-22 07:11:14', '2024-03-22 07:11:14'),
(633, 46, 1, 3, 2, 0.013422818791946, '2024-03-22 07:11:14', '2024-03-22 07:11:14'),
(634, 46, 1, 4, 3, 0.019736842105263, '2024-03-22 07:11:14', '2024-03-22 07:11:14'),
(635, 46, 2, 5, 3, 0.019607843137255, '2024-03-22 07:11:14', '2024-03-22 07:11:14'),
(636, 46, 2, 6, 2, 0.013888888888889, '2024-03-22 07:11:14', '2024-03-22 07:11:14'),
(637, 46, 2, 7, 3, 0.019480519480519, '2024-03-22 07:11:14', '2024-03-22 07:11:14'),
(638, 46, 2, 8, 2, 0.013513513513514, '2024-03-22 07:11:14', '2024-03-22 07:11:14'),
(639, 46, 2, 9, 3, 0.019607843137255, '2024-03-22 07:11:14', '2024-03-22 07:11:14'),
(640, 46, 3, 10, 3, 0.02158273381295, '2024-03-22 07:11:14', '2024-03-22 07:11:14'),
(641, 46, 3, 11, 2, 0.013986013986014, '2024-03-22 07:11:14', '2024-03-22 07:11:14'),
(642, 46, 3, 12, 2, 0.014925373134328, '2024-03-22 07:11:14', '2024-03-22 07:11:14'),
(643, 46, 3, 13, 3, 0.021897810218978, '2024-03-22 07:11:14', '2024-03-22 07:11:14'),
(644, 46, 3, 14, 3, 0.021276595744681, '2024-03-22 07:11:14', '2024-03-22 07:11:14'),
(645, 47, 1, 1, 3, 0.020979020979021, '2024-03-22 07:11:14', '2024-03-22 07:11:14'),
(646, 47, 1, 2, 3, 0.019480519480519, '2024-03-22 07:11:14', '2024-03-22 07:11:14'),
(647, 47, 1, 3, 3, 0.020134228187919, '2024-03-22 07:11:14', '2024-03-22 07:11:14'),
(648, 47, 1, 4, 3, 0.019736842105263, '2024-03-22 07:11:14', '2024-03-22 07:11:14'),
(649, 47, 2, 5, 4, 0.026143790849673, '2024-03-22 07:11:14', '2024-03-22 07:11:14'),
(650, 47, 2, 6, 3, 0.020833333333333, '2024-03-22 07:11:14', '2024-03-22 07:11:14'),
(651, 47, 2, 7, 3, 0.019480519480519, '2024-03-22 07:11:14', '2024-03-22 07:11:14'),
(652, 47, 2, 8, 4, 0.027027027027027, '2024-03-22 07:11:14', '2024-03-22 07:11:14'),
(653, 47, 2, 9, 4, 0.026143790849673, '2024-03-22 07:11:14', '2024-03-22 07:11:14'),
(654, 47, 3, 10, 3, 0.02158273381295, '2024-03-22 07:11:14', '2024-03-22 07:11:14'),
(655, 47, 3, 11, 3, 0.020979020979021, '2024-03-22 07:11:14', '2024-03-22 07:11:14'),
(656, 47, 3, 12, 3, 0.022388059701493, '2024-03-22 07:11:14', '2024-03-22 07:11:14'),
(657, 47, 3, 13, 3, 0.021897810218978, '2024-03-22 07:11:14', '2024-03-22 07:11:14'),
(658, 47, 3, 14, 3, 0.021276595744681, '2024-03-22 07:11:14', '2024-03-22 07:11:14'),
(659, 48, 1, 1, 3, 0.020979020979021, '2024-03-22 07:11:14', '2024-03-22 07:11:14'),
(660, 48, 1, 2, 3, 0.019480519480519, '2024-03-22 07:11:14', '2024-03-22 07:11:14'),
(661, 48, 1, 3, 3, 0.020134228187919, '2024-03-22 07:11:14', '2024-03-22 07:11:14'),
(662, 48, 1, 4, 3, 0.019736842105263, '2024-03-22 07:11:14', '2024-03-22 07:11:14'),
(663, 48, 2, 5, 3, 0.019607843137255, '2024-03-22 07:11:14', '2024-03-22 07:11:14'),
(664, 48, 2, 6, 3, 0.020833333333333, '2024-03-22 07:11:14', '2024-03-22 07:11:14'),
(665, 48, 2, 7, 3, 0.019480519480519, '2024-03-22 07:11:14', '2024-03-22 07:11:14'),
(666, 48, 2, 8, 3, 0.02027027027027, '2024-03-22 07:11:14', '2024-03-22 07:11:14'),
(667, 48, 2, 9, 3, 0.019607843137255, '2024-03-22 07:11:14', '2024-03-22 07:11:14'),
(668, 48, 3, 10, 3, 0.02158273381295, '2024-03-22 07:11:14', '2024-03-22 07:11:14'),
(669, 48, 3, 11, 2, 0.013986013986014, '2024-03-22 07:11:14', '2024-03-22 07:11:14'),
(670, 48, 3, 12, 3, 0.022388059701493, '2024-03-22 07:11:14', '2024-03-22 07:11:14'),
(671, 48, 3, 13, 3, 0.021897810218978, '2024-03-22 07:11:14', '2024-03-22 07:11:14'),
(672, 48, 3, 14, 2, 0.014184397163121, '2024-03-22 07:11:14', '2024-03-22 07:11:14'),
(673, 49, 1, 1, 3, 0.020979020979021, '2024-03-22 07:11:14', '2024-03-22 07:11:14'),
(674, 49, 1, 2, 3, 0.019480519480519, '2024-03-22 07:11:14', '2024-03-22 07:11:14'),
(675, 49, 1, 3, 3, 0.020134228187919, '2024-03-22 07:11:14', '2024-03-22 07:11:14'),
(676, 49, 1, 4, 3, 0.019736842105263, '2024-03-22 07:11:14', '2024-03-22 07:11:14'),
(677, 49, 2, 5, 3, 0.019607843137255, '2024-03-22 07:11:14', '2024-03-22 07:11:14'),
(678, 49, 2, 6, 3, 0.020833333333333, '2024-03-22 07:11:14', '2024-03-22 07:11:14'),
(679, 49, 2, 7, 3, 0.019480519480519, '2024-03-22 07:11:14', '2024-03-22 07:11:14'),
(680, 49, 2, 8, 3, 0.02027027027027, '2024-03-22 07:11:14', '2024-03-22 07:11:14'),
(681, 49, 2, 9, 3, 0.019607843137255, '2024-03-22 07:11:14', '2024-03-22 07:11:14'),
(682, 49, 3, 10, 3, 0.02158273381295, '2024-03-22 07:11:14', '2024-03-22 07:11:14'),
(683, 49, 3, 11, 3, 0.020979020979021, '2024-03-22 07:11:14', '2024-03-22 07:11:14'),
(684, 49, 3, 12, 2, 0.014925373134328, '2024-03-22 07:11:14', '2024-03-22 07:11:14'),
(685, 49, 3, 13, 2, 0.014598540145985, '2024-03-22 07:11:14', '2024-03-22 07:11:14'),
(686, 49, 3, 14, 3, 0.021276595744681, '2024-03-22 07:11:14', '2024-03-22 07:11:14');

-- --------------------------------------------------------

--
-- Struktur dari tabel `criterias`
--

CREATE TABLE `criterias` (
  `id` bigint(20) UNSIGNED NOT NULL,
  `name` varchar(50) NOT NULL,
  `order` tinyint(4) NOT NULL,
  `comparison_column_sum` double NOT NULL DEFAULT 0,
  `normalization_row_sum` double NOT NULL DEFAULT 0,
  `priority` double NOT NULL DEFAULT 0,
  `eigen` double NOT NULL DEFAULT 0,
  `created_at` timestamp NULL DEFAULT NULL,
  `updated_at` timestamp NULL DEFAULT NULL
) ENGINE=InnoDB DEFAULT CHARSET=utf8mb4 COLLATE=utf8mb4_unicode_ci;

--
-- Dumping data untuk tabel `criterias`
--

INSERT INTO `criterias` (`id`, `name`, `order`, `comparison_column_sum`, `normalization_row_sum`, `priority`, `eigen`, `created_at`, `updated_at`) VALUES
(1, 'KEPRIBADIAN DAN PERILAKU', 1, 4, 0.75, 0.25, 1, '2024-03-23 04:44:54', '2024-03-23 04:44:54'),
(2, 'PRESTASI DAN HASIL KERJA', 2, 2, 1.5, 0.5, 1, '2024-03-23 04:44:54', '2024-03-23 04:44:54'),
(3, 'PROSES KERJA', 3, 4, 0.75, 0.25, 1, '2024-03-23 04:44:54', '2024-03-23 04:44:54');

-- --------------------------------------------------------

--
-- Struktur dari tabel `criteria_comparisons`
--

CREATE TABLE `criteria_comparisons` (
  `id` bigint(20) UNSIGNED NOT NULL,
  `criteria_id` bigint(20) UNSIGNED NOT NULL,
  `row_idx` tinyint(4) NOT NULL,
  `column_idx` tinyint(4) NOT NULL,
  `value` double NOT NULL DEFAULT 1,
  `normalization_value` double NOT NULL DEFAULT 1,
  `created_at` timestamp NULL DEFAULT NULL,
  `updated_at` timestamp NULL DEFAULT NULL
) ENGINE=InnoDB DEFAULT CHARSET=utf8mb4 COLLATE=utf8mb4_unicode_ci;

--
-- Dumping data untuk tabel `criteria_comparisons`
--

INSERT INTO `criteria_comparisons` (`id`, `criteria_id`, `row_idx`, `column_idx`, `value`, `normalization_value`, `created_at`, `updated_at`) VALUES
(1, 1, 1, 1, 1, 0.25, '2024-03-23 04:44:54', '2024-03-23 04:44:54'),
(2, 1, 1, 2, 0.5, 0.25, '2024-03-23 04:44:54', '2024-03-23 04:44:54'),
(3, 1, 1, 3, 1, 0.25, '2024-03-23 04:44:54', '2024-03-23 04:44:54'),
(4, 2, 2, 1, 2, 0.5, '2024-03-23 04:44:54', '2024-03-23 04:44:54'),
(5, 2, 2, 2, 1, 0.5, '2024-03-23 04:44:54', '2024-03-23 04:44:54'),
(6, 2, 2, 3, 2, 0.5, '2024-03-23 04:44:54', '2024-03-23 04:44:54'),
(7, 3, 3, 1, 1, 0.25, '2024-03-23 04:44:54', '2024-03-23 04:44:54'),
(8, 3, 3, 2, 0.5, 0.25, '2024-03-23 04:44:54', '2024-03-23 04:44:54'),
(9, 3, 3, 3, 1, 0.25, '2024-03-23 04:44:54', '2024-03-23 04:44:54');

-- --------------------------------------------------------

--
-- Struktur dari tabel `divisions`
--

CREATE TABLE `divisions` (
  `id` bigint(20) UNSIGNED NOT NULL,
  `name` varchar(50) NOT NULL,
  `created_at` timestamp NULL DEFAULT NULL,
  `updated_at` timestamp NULL DEFAULT NULL
) ENGINE=InnoDB DEFAULT CHARSET=utf8mb4 COLLATE=utf8mb4_unicode_ci;

--
-- Dumping data untuk tabel `divisions`
--

INSERT INTO `divisions` (`id`, `name`, `created_at`, `updated_at`) VALUES
(1, 'IT', '2024-03-23 02:05:47', '2024-03-23 02:05:47'),
(2, 'Finance', '2024-03-23 02:05:47', '2024-03-23 02:05:47'),
(3, 'Sales', '2024-03-23 02:05:47', '2024-03-23 02:05:47'),
(4, 'Accounting', '2024-03-23 02:05:47', '2024-03-23 02:05:47'),
(5, 'Human Resources', '2024-03-23 02:05:47', '2024-03-23 02:05:47'),
(6, 'Engineering', '2024-03-23 02:05:47', '2024-03-23 02:05:47'),
(7, 'Marketing', '2024-03-23 02:05:47', '2024-03-23 02:05:47');

-- --------------------------------------------------------

--
-- Struktur dari tabel `employees`
--

CREATE TABLE `employees` (
  `id` bigint(20) UNSIGNED NOT NULL,
  `ein` varchar(6) NOT NULL,
  `name` varchar(50) NOT NULL,
  `division_id` bigint(20) UNSIGNED NOT NULL,
  `assessor_id` bigint(20) UNSIGNED DEFAULT NULL,
  `gender` varchar(100) NOT NULL,
  `age` varchar(100) NOT NULL,
  `country` varchar(100) NOT NULL,
  `city` varchar(100) NOT NULL,
  `anual_salary` varchar(100) NOT NULL,
  `job_title` varchar(100) NOT NULL,
  `value` double NOT NULL DEFAULT 0,
  `rangking` int(11) NOT NULL DEFAULT 0,
  `created_at` timestamp NULL DEFAULT NULL,
  `updated_at` timestamp NULL DEFAULT NULL,
  `deleted_at` timestamp NULL DEFAULT NULL
) ENGINE=InnoDB DEFAULT CHARSET=utf8mb4 COLLATE=utf8mb4_unicode_ci;

--
-- Dumping data untuk tabel `employees`
--

INSERT INTO `employees` (`id`, `ein`, `name`, `division_id`, `assessor_id`, `gender`, `age`, `country`, `city`, `anual_salary`, `job_title`, `value`, `rangking`, `created_at`, `updated_at`, `deleted_at`) VALUES
(1, 'E02387', 'Emily Davis', 1, 2, 'Female', '55', 'United States', 'Seattle', '$141,604 ', 'Sr. Manger', 0, 0, '2024-03-23 02:05:47', '2024-03-23 02:05:47', NULL),
(2, 'E04105', 'Theodore Dinh', 1, 2, 'Male', '59', 'China', 'Chongqing', '$99,975 ', 'Technical Architect', 0, 0, '2024-03-23 02:05:47', '2024-03-23 02:05:47', NULL),
(3, 'E02572', 'Luna Sanders', 2, 2, 'Female', '50', 'United States', 'Chicago', '$163,099 ', 'Director', 0, 0, '2024-03-23 02:05:47', '2024-03-23 02:05:47', NULL),
(4, 'E02832', 'Penelope Jordan', 1, 2, 'Female', '26', 'United States', 'Chicago', '$84,913 ', 'Computer Systems Manager', 0, 0, '2024-03-23 02:05:47', '2024-03-23 02:05:47', NULL),
(5, 'E01639', 'Austin Vo', 2, 2, 'Male', '55', 'United States', 'Phoenix', '$95,409 ', 'Sr. Analyst', 0, 0, '2024-03-23 02:05:47', '2024-03-23 02:05:47', NULL),
(6, 'E00644', 'Joshua Gupta', 3, 2, 'Male', '57', 'China', 'Chongqing', '$50,994 ', 'Account Representative', 0, 0, '2024-03-23 02:05:47', '2024-03-23 02:05:47', NULL),
(7, 'E01550', 'Ruby Barnes', 1, 2, 'Female', '27', 'United States', 'Phoenix', '$119,746 ', 'Manager', 0, 0, '2024-03-23 02:05:47', '2024-03-23 02:05:47', NULL),
(8, 'E04332', 'Luke Martin', 2, 2, 'Male', '25', 'United States', 'Miami', '$41,336 ', 'Analyst', 0, 0, '2024-03-23 02:05:47', '2024-03-23 02:05:47', NULL),
(9, 'E04533', 'Easton Bailey', 4, 2, 'Male', '29', 'United States', 'Austin', '$113,527 ', 'Manager', 0, 0, '2024-03-23 02:05:47', '2024-03-23 02:05:47', NULL),
(10, 'E03838', 'Madeline Walker', 2, 2, 'Female', '34', 'United States', 'Chicago', '$77,203 ', 'Sr. Analyst', 0, 0, '2024-03-23 02:05:47', '2024-03-23 02:05:47', NULL),
(11, 'E00591', 'Savannah Ali', 5, 3, 'Female', '36', 'United States', 'Miami', '$157,333 ', 'Sr. Manger', 0, 0, '2024-03-23 02:05:47', '2024-03-23 02:05:47', NULL),
(12, 'E03344', 'Camila Rogers', 6, 3, 'Female', '27', 'United States', 'Seattle', '$109,851 ', 'Controls Engineer', 0, 0, '2024-03-23 02:05:47', '2024-03-23 02:05:47', NULL),
(13, 'E00530', 'Eli Jones', 5, 3, 'Male', '59', 'United States', 'Austin', '$105,086 ', 'Manager', 0, 0, '2024-03-23 02:05:47', '2024-03-23 02:05:47', NULL),
(14, 'E04239', 'Everleigh Ng', 2, 3, 'Female', '51', 'China', 'Shanghai', '$146,742 ', 'Sr. Manger', 0, 0, '2024-03-23 02:05:47', '2024-03-23 02:05:47', NULL),
(15, 'E03496', 'Robert Yang', 4, 3, 'Male', '31', 'United States', 'Austin', '$97,078 ', 'Sr. Analyst', 0, 0, '2024-03-23 02:05:47', '2024-03-23 02:05:47', NULL),
(16, 'E00549', 'Isabella Xi', 7, 3, 'Female', '41', 'United States', 'Seattle', '$249,270 ', 'Vice President', 0, 0, '2024-03-23 02:05:47', '2024-03-23 02:05:47', NULL),
(17, 'E00163', 'Bella Powell', 2, 3, 'Female', '65', 'United States', 'Phoenix', '$175,837 ', 'Director', 0, 0, '2024-03-23 02:05:47', '2024-03-23 02:05:47', NULL),
(18, 'E00884', 'Camila Silva', 7, 3, 'Female', '64', 'United States', 'Seattle', '$154,828 ', 'Sr. Manger', 0, 0, '2024-03-23 02:05:47', '2024-03-23 02:05:47', NULL),
(19, 'E04116', 'David Barnes', 1, 3, 'Male', '64', 'United States', 'Columbus', '$186,503 ', 'Director', 0, 0, '2024-03-23 02:05:47', '2024-03-23 02:05:47', NULL),
(20, 'E04625', 'Adam Dang', 3, 3, 'Male', '45', 'China', 'Chongqing', '$166,331 ', 'Director', 0, 0, '2024-03-23 02:05:47', '2024-03-23 02:05:47', NULL),
(21, 'E03680', 'Elias Alvarado', 1, 4, 'Male', '56', 'Brazil', 'Manaus', '$146,140 ', 'Sr. Manger', 0, 0, '2024-03-23 02:05:47', '2024-03-23 02:05:47', NULL),
(22, 'E04732', 'Eva Rivera', 3, 4, 'Female', '36', 'United States', 'Miami', '$151,703 ', 'Director', 0, 0, '2024-03-23 02:05:47', '2024-03-23 02:05:47', NULL),
(23, 'E03484', 'Logan Rivera', 1, 4, 'Male', '59', 'Brazil', 'Rio de Janerio', '$172,787 ', 'Director', 0, 0, '2024-03-23 02:05:47', '2024-03-23 02:05:47', NULL),
(24, 'E00671', 'Leonardo Dixon', 3, 4, 'Male', '37', 'United States', 'Seattle', '$49,998 ', 'Analyst', 0, 0, '2024-03-23 02:05:47', '2024-03-23 02:05:47', NULL),
(25, 'E02071', 'Mateo Her', 3, 4, 'Male', '44', 'China', 'Chongqing', '$207,172 ', 'Vice President', 0, 0, '2024-03-23 02:05:47', '2024-03-23 02:05:47', NULL),
(26, 'E02206', 'Jose Henderson', 5, 4, 'Male', '41', 'United States', 'Columbus', '$152,239 ', 'Director', 0, 0, '2024-03-23 02:05:47', '2024-03-23 02:05:47', NULL),
(27, 'E04545', 'Abigail Mejia', 6, 4, 'Female', '56', 'Brazil', 'Rio de Janerio', '$98,581 ', 'Quality Engineer', 0, 0, '2024-03-23 02:05:47', '2024-03-23 02:05:47', NULL),
(28, 'E00154', 'Wyatt Chin', 6, 4, 'Male', '43', 'United States', 'Seattle', '$246,231 ', 'Vice President', 0, 0, '2024-03-23 02:05:47', '2024-03-23 02:05:47', NULL),
(29, 'E03343', 'Carson Lu', 6, 4, 'Male', '64', 'China', 'Beijing', '$99,354 ', 'Engineering Manager', 0, 0, '2024-03-23 02:05:47', '2024-03-23 02:05:47', NULL),
(30, 'E00304', 'Dylan Choi', 1, 4, 'Male', '63', 'China', 'Beijing', '$231,141 ', 'Vice President', 0, 0, '2024-03-23 02:05:47', '2024-03-23 02:05:47', NULL),
(31, 'E02594', 'Ezekiel Kumar', 1, 5, 'Male', '28', 'United States', 'Columbus', '$54,775 ', 'IT Coordinator', 0, 0, '2024-03-23 02:05:47', '2024-03-23 02:05:47', NULL),
(32, 'E00402', 'Dominic Guzman', 2, 5, 'Male', '65', 'Brazil', 'Manaus', '$55,499 ', 'Analyst', 0, 0, '2024-03-23 02:05:47', '2024-03-23 02:05:47', NULL),
(33, 'E01994', 'Angel Powell', 3, 5, 'Male', '61', 'United States', 'Seattle', '$66,521 ', 'Analyst II', 0, 0, '2024-03-23 02:05:47', '2024-03-23 02:05:47', NULL),
(34, 'E03549', 'Mateo Vu', 3, 5, 'Male', '30', 'China', 'Chongqing', '$59,100 ', 'Account Representative', 0, 0, '2024-03-23 02:05:47', '2024-03-23 02:05:47', NULL),
(35, 'E03247', 'Caroline Jenkins', 2, 5, 'Female', '27', 'United States', 'Chicago', '$49,011 ', 'Analyst', 0, 0, '2024-03-23 02:05:47', '2024-03-23 02:05:47', NULL),
(36, 'E02074', 'Nora Brown', 1, 5, 'Female', '32', 'United States', 'Austin', '$99,575 ', 'Enterprise Architect', 0, 0, '2024-03-23 02:05:47', '2024-03-23 02:05:47', NULL),
(37, 'E04152', 'Adeline Huang', 6, 5, 'Female', '34', 'China', 'Chengdu', '$99,989 ', 'Controls Engineer', 0, 0, '2024-03-23 02:05:47', '2024-03-23 02:05:47', NULL),
(38, 'E01628', 'Jackson Perry', 7, 5, 'Male', '27', 'United States', 'Phoenix', '$256,420 ', 'Vice President', 0, 0, '2024-03-23 02:05:47', '2024-03-23 02:05:47', NULL),
(39, 'E04285', 'Riley Padilla', 1, 5, 'Female', '35', 'United States', 'Miami', '$78,940 ', 'Technical Architect', 0, 0, '2024-03-23 02:05:47', '2024-03-23 02:05:47', NULL),
(40, 'E01417', 'Leah Pena', 1, 5, 'Female', '57', 'Brazil', 'Manaus', '$82,872 ', 'Enterprise Architect', 0, 0, '2024-03-23 02:05:47', '2024-03-23 02:05:47', NULL),
(41, 'E01754', 'Owen Lam', 5, 5, 'Male', '30', 'China', 'Chengdu', '$86,317 ', 'Sr. Business Partner', 0, 0, '2024-03-23 02:05:47', '2024-03-23 02:05:47', NULL),
(42, 'E03749', 'Kennedy Foster', 7, 5, 'Female', '53', 'United States', 'Austin', '$113,135 ', 'Manager', 0, 0, '2024-03-23 02:05:47', '2024-03-23 02:05:47', NULL),
(43, 'E03574', 'John Moore', 1, 5, 'Male', '52', 'United States', 'Seattle', '$199,808 ', 'Vice President', 0, 0, '2024-03-23 02:05:47', '2024-03-23 02:05:47', NULL),
(44, 'E04600', 'William Vu', 3, 5, 'Male', '37', 'China', 'Shanghai', '$56,037 ', 'Account Representative', 0, 0, '2024-03-23 02:05:47', '2024-03-23 02:05:47', NULL),
(45, 'E00586', 'Sadie Washington', 7, 5, 'Female', '29', 'United States', 'Phoenix', '$122,350 ', 'Sr. Manger', 0, 0, '2024-03-23 02:05:47', '2024-03-23 02:05:47', NULL),
(46, 'E03538', 'Gabriel Holmes', 1, 5, 'Male', '40', 'United States', 'Seattle', '$92,952 ', 'Enterprise Architect', 0, 0, '2024-03-23 02:05:47', '2024-03-23 02:05:47', NULL),
(47, 'E02185', 'Wyatt Rojas', 1, 5, 'Male', '32', 'United States', 'Austin', '$79,921 ', 'Computer Systems Manager', 0, 0, '2024-03-23 02:05:47', '2024-03-23 02:05:47', NULL),
(48, 'E03830', 'Eva Coleman', 1, 5, 'Female', '37', 'United States', 'Seattle', '$167,199 ', 'Director', 0, 0, '2024-03-23 02:05:47', '2024-03-23 02:05:47', NULL),
(49, 'E03720', 'Dominic Clark', 6, 5, 'Male', '52', 'United States', 'Phoenix', '$71,476 ', 'Quality Engineer', 0, 0, '2024-03-23 02:05:47', '2024-03-23 02:05:47', NULL),
(50, 'E03025', 'Lucy Alexander', 1, 5, 'Female', '45', 'United States', 'Seattle', '$189,420 ', 'Director', 0, 0, '2024-03-23 02:05:47', '2024-03-23 02:05:47', NULL);

-- --------------------------------------------------------

--
-- Struktur dari tabel `failed_jobs`
--

CREATE TABLE `failed_jobs` (
  `id` bigint(20) UNSIGNED NOT NULL,
  `uuid` varchar(255) NOT NULL,
  `connection` text NOT NULL,
  `queue` text NOT NULL,
  `payload` longtext NOT NULL,
  `exception` longtext NOT NULL,
  `failed_at` timestamp NOT NULL DEFAULT current_timestamp()
) ENGINE=InnoDB DEFAULT CHARSET=utf8mb4 COLLATE=utf8mb4_unicode_ci;

-- --------------------------------------------------------

--
-- Struktur dari tabel `migrations`
--

CREATE TABLE `migrations` (
  `id` int(10) UNSIGNED NOT NULL,
  `migration` varchar(255) NOT NULL,
  `batch` int(11) NOT NULL
) ENGINE=InnoDB DEFAULT CHARSET=utf8mb4 COLLATE=utf8mb4_unicode_ci;

--
-- Dumping data untuk tabel `migrations`
--

INSERT INTO `migrations` (`id`, `migration`, `batch`) VALUES
(121, '2014_10_12_000000_create_users_table', 1),
(122, '2019_08_19_000000_create_failed_jobs_table', 1),
(123, '2019_12_14_000001_create_personal_access_tokens_table', 1),
(124, '2023_05_21_073005_create_criterias_table', 1),
(125, '2023_05_21_085350_create_subcriterias_table', 1),
(126, '2023_05_21_112151_create_divisions_table', 1),
(127, '2023_05_21_112752_create_employees_table', 1),
(128, '2023_07_13_115828_create_criteria_comparisons_table', 1),
(129, '2023_07_15_134108_create_subcriteria_comparisons_table', 1),
(130, '2023_07_20_075523_create_assessments_table', 1);

-- --------------------------------------------------------

--
-- Struktur dari tabel `personal_access_tokens`
--

CREATE TABLE `personal_access_tokens` (
  `id` bigint(20) UNSIGNED NOT NULL,
  `tokenable_type` varchar(255) NOT NULL,
  `tokenable_id` bigint(20) UNSIGNED NOT NULL,
  `name` varchar(255) NOT NULL,
  `token` varchar(64) NOT NULL,
  `abilities` text DEFAULT NULL,
  `last_used_at` timestamp NULL DEFAULT NULL,
  `expires_at` timestamp NULL DEFAULT NULL,
  `created_at` timestamp NULL DEFAULT NULL,
  `updated_at` timestamp NULL DEFAULT NULL
) ENGINE=InnoDB DEFAULT CHARSET=utf8mb4 COLLATE=utf8mb4_unicode_ci;

-- --------------------------------------------------------

--
-- Struktur dari tabel `subcriterias`
--

CREATE TABLE `subcriterias` (
  `id` bigint(20) UNSIGNED NOT NULL,
  `criteria_id` bigint(20) UNSIGNED NOT NULL,
  `order` tinyint(4) NOT NULL,
  `name` varchar(50) NOT NULL,
  `comparison_column_sum` double NOT NULL DEFAULT 0,
  `normalization_row_sum` double NOT NULL DEFAULT 0,
  `priority` double NOT NULL DEFAULT 0,
  `eigen` double NOT NULL DEFAULT 0,
  `alternative_column_sum` double NOT NULL DEFAULT 0,
  `created_at` timestamp NULL DEFAULT NULL,
  `updated_at` timestamp NULL DEFAULT NULL
) ENGINE=InnoDB DEFAULT CHARSET=utf8mb4 COLLATE=utf8mb4_unicode_ci;

--
-- Dumping data untuk tabel `subcriterias`
--

INSERT INTO `subcriterias` (`id`, `criteria_id`, `order`, `name`, `comparison_column_sum`, `normalization_row_sum`, `priority`, `eigen`, `alternative_column_sum`, `created_at`, `updated_at`) VALUES
(1, 1, 1, 'Kedisiplinan', 1.9166666666667, 2.0570926657883, 0.51427316644707, 0.98569023569024, 149, '2024-03-23 04:44:54', '2024-03-23 04:44:54'),
(2, 1, 2, 'Tanggung Jawab', 5.5, 0.75977162933684, 0.18994290733421, 1.0446859903382, 160, '2024-03-23 04:44:54', '2024-03-23 04:44:54'),
(3, 1, 3, 'Komunikasi', 5.5, 0.75977162933684, 0.18994290733421, 1.0446859903382, 155, '2024-03-23 04:44:54', '2024-03-23 04:44:54'),
(4, 1, 4, 'Antusiasme', 9, 0.42336407553798, 0.1058410188845, 0.95256916996046, 158, '2024-03-23 04:44:54', '2024-03-23 04:44:54'),
(5, 2, 1, 'Pengetahuan &  Kemampuan Teknis', 2.2833333333333, 2.0570926657883, 0.4162124454553, 0.95035175045625, 160, '2024-03-23 04:44:54', '2024-03-23 04:44:54'),
(6, 2, 2, 'Efesiensi & Efektifitas', 4.0833333333333, 0.75977162933684, 0.26178798811674, 1.0689676181433, 150, '2024-03-23 04:44:54', '2024-03-23 04:44:54'),
(7, 2, 3, 'Kerjasama', 6.8333333333333, 0.75977162933684, 0.1610504069885, 1.1005111144214, 161, '2024-03-23 04:44:54', '2024-03-23 04:44:54'),
(8, 2, 4, 'Tindak lanjut pendelegasian', 10.5, 0.42336407553798, 0.098572772886972, 1.0350141153132, 154, '2024-03-23 04:44:54', '2024-03-23 04:44:54'),
(9, 2, 5, 'Pelaksanaan Tugas khusus', 15, 0.91515151515152, 0.062376386552486, 0.93564579828729, 161, '2024-03-23 04:44:54', '2024-03-23 04:44:54'),
(10, 3, 1, 'Pengaturan Waktu kerja', 3.3333333333333, 2.0570926657883, 0.29454545454546, 0.98181818181819, 145, '2024-03-23 04:44:54', '2024-03-23 04:44:54'),
(11, 3, 2, 'Kreatifitas', 3.3333333333333, 0.75977162933684, 0.29454545454546, 0.98181818181819, 149, '2024-03-23 04:44:54', '2024-03-23 04:44:54'),
(12, 3, 3, 'Pencatatan, Penyimpanan, Pelaporan', 11, 0.75977162933684, 0.088181818181818, 0.97, 139, '2024-03-23 04:44:54', '2024-03-23 04:44:54'),
(13, 3, 4, 'Pengelolaan Alat & Lingkungan Kerja', 7.5, 0.42336407553798, 0.13969696969697, 1.0477272727273, 141, '2024-03-23 04:44:54', '2024-03-23 04:44:54'),
(14, 3, 5, 'Kemampuan Persuasif', 6, 0.91515151515152, 0.1830303030303, 1.0981818181818, 147, '2024-03-23 04:44:54', '2024-03-23 04:44:54');

-- --------------------------------------------------------

--
-- Struktur dari tabel `subcriteria_comparisons`
--

CREATE TABLE `subcriteria_comparisons` (
  `id` bigint(20) UNSIGNED NOT NULL,
  `subcriteria_id` bigint(20) UNSIGNED NOT NULL,
  `row_idx` tinyint(4) NOT NULL,
  `column_idx` tinyint(4) NOT NULL,
  `value` double NOT NULL DEFAULT 1,
  `normalization_value` double NOT NULL DEFAULT 1,
  `created_at` timestamp NULL DEFAULT NULL,
  `updated_at` timestamp NULL DEFAULT NULL
) ENGINE=InnoDB DEFAULT CHARSET=utf8mb4 COLLATE=utf8mb4_unicode_ci;

--
-- Dumping data untuk tabel `subcriteria_comparisons`
--

INSERT INTO `subcriteria_comparisons` (`id`, `subcriteria_id`, `row_idx`, `column_idx`, `value`, `normalization_value`, `created_at`, `updated_at`) VALUES
(1, 1, 1, 1, 1, 0.52173913043477, '2024-03-23 04:44:54', '2024-03-23 04:44:54'),
(2, 1, 1, 2, 3, 0.54545454545455, '2024-03-23 04:44:54', '2024-03-23 04:44:54'),
(3, 1, 1, 3, 3, 0.54545454545455, '2024-03-23 04:44:54', '2024-03-23 04:44:54'),
(4, 1, 1, 4, 4, 0.44444444444444, '2024-03-23 04:44:54', '2024-03-23 04:44:54'),
(5, 2, 2, 1, 0.3333333333333333, 0.17391304347826, '2024-03-23 04:44:54', '2024-03-23 04:44:54'),
(6, 2, 2, 2, 1, 0.18181818181818, '2024-03-23 04:44:54', '2024-03-23 04:44:54'),
(7, 2, 2, 3, 1, 0.18181818181818, '2024-03-23 04:44:54', '2024-03-23 04:44:54'),
(8, 2, 2, 4, 2, 0.22222222222222, '2024-03-23 04:44:54', '2024-03-23 04:44:54'),
(9, 3, 3, 1, 0.3333333333333333, 0.17391304347826, '2024-03-23 04:44:54', '2024-03-23 04:44:54'),
(10, 3, 3, 2, 1, 0.18181818181818, '2024-03-23 04:44:54', '2024-03-23 04:44:54'),
(11, 3, 3, 3, 1, 0.18181818181818, '2024-03-23 04:44:54', '2024-03-23 04:44:54'),
(12, 3, 3, 4, 2, 0.22222222222222, '2024-03-23 04:44:54', '2024-03-23 04:44:54'),
(13, 4, 4, 1, 0.25, 0.13043478260869, '2024-03-23 04:44:54', '2024-03-23 04:44:54'),
(14, 4, 4, 2, 0.5, 0.090909090909091, '2024-03-23 04:44:54', '2024-03-23 04:44:54'),
(15, 4, 4, 3, 0.5, 0.090909090909091, '2024-03-23 04:44:54', '2024-03-23 04:44:54'),
(16, 4, 4, 4, 1, 0.11111111111111, '2024-03-23 04:44:54', '2024-03-23 04:44:54'),
(17, 5, 1, 1, 1, 0.43795620437957, '2024-03-23 04:44:54', '2024-03-23 04:44:54'),
(18, 5, 1, 2, 2, 0.48979591836735, '2024-03-23 04:44:54', '2024-03-23 04:44:54'),
(19, 5, 1, 3, 3, 0.4390243902439, '2024-03-23 04:44:54', '2024-03-23 04:44:54'),
(20, 5, 1, 4, 4, 0.38095238095238, '2024-03-23 04:44:54', '2024-03-23 04:44:54'),
(21, 5, 1, 5, 5, 0.33333333333333, '2024-03-23 04:44:54', '2024-03-23 04:44:54'),
(22, 6, 2, 1, 0.5, 0.21897810218978, '2024-03-23 04:44:54', '2024-03-23 04:44:54'),
(23, 6, 2, 2, 1, 0.24489795918368, '2024-03-23 04:44:54', '2024-03-23 04:44:54'),
(24, 6, 2, 3, 2, 0.29268292682927, '2024-03-23 04:44:54', '2024-03-23 04:44:54'),
(25, 6, 2, 4, 3, 0.28571428571429, '2024-03-23 04:44:54', '2024-03-23 04:44:54'),
(26, 6, 2, 5, 4, 0.26666666666667, '2024-03-23 04:44:54', '2024-03-23 04:44:54'),
(27, 7, 3, 1, 0.3333333333333333, 0.14598540145986, '2024-03-23 04:44:54', '2024-03-23 04:44:54'),
(28, 7, 3, 2, 0.5, 0.12244897959184, '2024-03-23 04:44:54', '2024-03-23 04:44:54'),
(29, 7, 3, 3, 1, 0.14634146341463, '2024-03-23 04:44:54', '2024-03-23 04:44:54'),
(30, 7, 3, 4, 2, 0.19047619047619, '2024-03-23 04:44:54', '2024-03-23 04:44:54'),
(31, 7, 3, 5, 3, 0.2, '2024-03-23 04:44:54', '2024-03-23 04:44:54'),
(32, 8, 4, 1, 0.25, 0.10948905109489, '2024-03-23 04:44:54', '2024-03-23 04:44:54'),
(33, 8, 4, 2, 0.3333333333333333, 0.081632653061225, '2024-03-23 04:44:54', '2024-03-23 04:44:54'),
(34, 8, 4, 3, 0.5, 0.073170731707317, '2024-03-23 04:44:54', '2024-03-23 04:44:54'),
(35, 8, 4, 4, 1, 0.095238095238095, '2024-03-23 04:44:54', '2024-03-23 04:44:54'),
(36, 8, 4, 5, 2, 0.13333333333333, '2024-03-23 04:44:54', '2024-03-23 04:44:54'),
(37, 9, 5, 1, 0.2, 0.087591240875914, '2024-03-23 04:44:54', '2024-03-23 04:44:54'),
(38, 9, 5, 2, 0.25, 0.061224489795919, '2024-03-23 04:44:54', '2024-03-23 04:44:54'),
(39, 9, 5, 3, 0.3333333333333333, 0.048780487804878, '2024-03-23 04:44:54', '2024-03-23 04:44:54'),
(40, 9, 5, 4, 0.5, 0.047619047619048, '2024-03-23 04:44:54', '2024-03-23 04:44:54'),
(41, 9, 5, 5, 1, 0.066666666666667, '2024-03-23 04:44:54', '2024-03-23 04:44:54'),
(42, 10, 1, 1, 1, 0.3, '2024-03-23 04:44:54', '2024-03-23 04:44:54'),
(43, 10, 1, 2, 1, 0.3, '2024-03-23 04:44:54', '2024-03-23 04:44:54'),
(44, 10, 1, 3, 3, 0.27272727272727, '2024-03-23 04:44:54', '2024-03-23 04:44:54'),
(45, 10, 1, 4, 2, 0.26666666666667, '2024-03-23 04:44:54', '2024-03-23 04:44:54'),
(46, 10, 1, 5, 2, 0.33333333333333, '2024-03-23 04:44:54', '2024-03-23 04:44:54'),
(47, 11, 2, 1, 1, 0.3, '2024-03-23 04:44:54', '2024-03-23 04:44:54'),
(48, 11, 2, 2, 1, 0.3, '2024-03-23 04:44:54', '2024-03-23 04:44:54'),
(49, 11, 2, 3, 3, 0.27272727272727, '2024-03-23 04:44:54', '2024-03-23 04:44:54'),
(50, 11, 2, 4, 2, 0.26666666666667, '2024-03-23 04:44:54', '2024-03-23 04:44:54'),
(51, 11, 2, 5, 2, 0.33333333333333, '2024-03-23 04:44:54', '2024-03-23 04:44:54'),
(52, 12, 3, 1, 0.3333333333333333, 0.1, '2024-03-23 04:44:54', '2024-03-23 04:44:54'),
(53, 12, 3, 2, 0.3333333333333333, 0.1, '2024-03-23 04:44:54', '2024-03-23 04:44:54'),
(54, 12, 3, 3, 1, 0.090909090909091, '2024-03-23 04:44:54', '2024-03-23 04:44:54'),
(55, 12, 3, 4, 0.5, 0.066666666666667, '2024-03-23 04:44:54', '2024-03-23 04:44:54'),
(56, 12, 3, 5, 0.5, 0.083333333333333, '2024-03-23 04:44:54', '2024-03-23 04:44:54'),
(57, 13, 4, 1, 0.5, 0.15, '2024-03-23 04:44:54', '2024-03-23 04:44:54'),
(58, 13, 4, 2, 0.5, 0.15, '2024-03-23 04:44:54', '2024-03-23 04:44:54'),
(59, 13, 4, 3, 2, 0.18181818181818, '2024-03-23 04:44:54', '2024-03-23 04:44:54'),
(60, 13, 4, 4, 1, 0.13333333333333, '2024-03-23 04:44:54', '2024-03-23 04:44:54'),
(61, 13, 4, 5, 0.5, 0.083333333333333, '2024-03-23 04:44:54', '2024-03-23 04:44:54'),
(62, 14, 5, 1, 0.5, 0.15, '2024-03-23 04:44:54', '2024-03-23 04:44:54'),
(63, 14, 5, 2, 0.5, 0.15, '2024-03-23 04:44:54', '2024-03-23 04:44:54'),
(64, 14, 5, 3, 2, 0.18181818181818, '2024-03-23 04:44:54', '2024-03-23 04:44:54'),
(65, 14, 5, 4, 2, 0.26666666666667, '2024-03-23 04:44:54', '2024-03-23 04:44:54'),
(66, 14, 5, 5, 1, 0.16666666666667, '2024-03-23 04:44:54', '2024-03-23 04:44:54');

-- --------------------------------------------------------

--
-- Struktur dari tabel `users`
--

CREATE TABLE `users` (
  `id` bigint(20) UNSIGNED NOT NULL,
  `name` varchar(255) NOT NULL,
  `email` varchar(255) NOT NULL,
  `email_verified_at` timestamp NULL DEFAULT NULL,
  `password` varchar(255) NOT NULL,
  `remember_token` varchar(100) DEFAULT NULL,
  `role` enum('ADMIN','ASSESSOR') NOT NULL DEFAULT 'ASSESSOR',
  `created_at` timestamp NULL DEFAULT NULL,
  `updated_at` timestamp NULL DEFAULT NULL
) ENGINE=InnoDB DEFAULT CHARSET=utf8mb4 COLLATE=utf8mb4_unicode_ci;

--
-- Dumping data untuk tabel `users`
--

INSERT INTO `users` (`id`, `name`, `email`, `email_verified_at`, `password`, `remember_token`, `role`, `created_at`, `updated_at`) VALUES
(1, 'Admin', 'admin@gmail.com', '2024-03-23 02:05:47', '$2y$10$b3VrL2.WisNXl8XvIGMYP.iz3YOHjP6WTvbEGd6eRGUQZ/NHxHW8G', 'e0yeOfgbpq', 'ADMIN', '2024-03-23 02:05:47', '2024-03-23 02:05:47'),
(2, 'Ridho', 'ridho@spk.com', '2024-03-23 02:05:47', '$2y$10$WvW2A65g6NMREoei2fzUqOgX9GRmOvmitVLZDigrmcPCIDIsE.YYy', 'Vf4Yde5j9M', 'ASSESSOR', '2024-03-23 02:05:47', '2024-03-23 02:05:47'),
(3, 'Vickry', 'vickry@spk.com', '2024-03-23 02:05:47', '$2y$10$l8esKZSSpx3BP6fPhjL2Aef8OXRfoO0.KyPVPp5rv7vMhm/xWeXT.', '1a9NASJj1h', 'ASSESSOR', '2024-03-23 02:05:47', '2024-03-23 02:05:47'),
(4, 'Bagas', 'bagas@spk.com', '2024-03-23 02:05:47', '$2y$10$AQsW4wnet8V.dEfOQahMqeel3GnEPzNUYDAROtNONdyw408wkxtf.', '9XdnrsJsHj', 'ASSESSOR', '2024-03-23 02:05:47', '2024-03-23 02:05:47'),
(5, 'Gani', 'gani@spk.com', '2024-03-23 02:05:47', '$2y$10$VtIyiX0pALVHcfPQqaYo4.r2.mqxrWeycbeXy7EDhI4gA4I7DMbni', 'gkeCdPOhrG', 'ASSESSOR', '2024-03-23 02:05:47', '2024-03-23 02:05:47'),
(6, 'Julkar', 'julkar@spk.com', '2024-03-23 02:05:47', '$2y$10$TubC.cL8HuJzYMKFtpgFJ.LrWWg16kL/YQo6KIvWZXvvKV07oCs0W', 'xVSPcZsTa5', 'ASSESSOR', '2024-03-23 02:05:47', '2024-03-23 02:05:47');

--
-- Indexes for dumped tables
--

--
-- Indeks untuk tabel `assessments`
--
ALTER TABLE `assessments`
  ADD PRIMARY KEY (`id`),
  ADD KEY `assessments_employee_id_foreign` (`employee_id`),
  ADD KEY `assessments_criteria_id_foreign` (`criteria_id`),
  ADD KEY `assessments_subcriteria_id_foreign` (`subcriteria_id`);

--
-- Indeks untuk tabel `criterias`
--
ALTER TABLE `criterias`
  ADD PRIMARY KEY (`id`);

--
-- Indeks untuk tabel `criteria_comparisons`
--
ALTER TABLE `criteria_comparisons`
  ADD PRIMARY KEY (`id`),
  ADD KEY `criteria_comparisons_criteria_id_foreign` (`criteria_id`);

--
-- Indeks untuk tabel `divisions`
--
ALTER TABLE `divisions`
  ADD PRIMARY KEY (`id`);

--
-- Indeks untuk tabel `employees`
--
ALTER TABLE `employees`
  ADD PRIMARY KEY (`id`),
  ADD KEY `employees_division_id_foreign` (`division_id`),
  ADD KEY `employees_assessor_id_foreign` (`assessor_id`);

--
-- Indeks untuk tabel `failed_jobs`
--
ALTER TABLE `failed_jobs`
  ADD PRIMARY KEY (`id`),
  ADD UNIQUE KEY `failed_jobs_uuid_unique` (`uuid`);

--
-- Indeks untuk tabel `migrations`
--
ALTER TABLE `migrations`
  ADD PRIMARY KEY (`id`);

--
-- Indeks untuk tabel `personal_access_tokens`
--
ALTER TABLE `personal_access_tokens`
  ADD PRIMARY KEY (`id`),
  ADD UNIQUE KEY `personal_access_tokens_token_unique` (`token`),
  ADD KEY `personal_access_tokens_tokenable_type_tokenable_id_index` (`tokenable_type`,`tokenable_id`);

--
-- Indeks untuk tabel `subcriterias`
--
ALTER TABLE `subcriterias`
  ADD PRIMARY KEY (`id`),
  ADD KEY `subcriterias_criteria_id_foreign` (`criteria_id`);

--
-- Indeks untuk tabel `subcriteria_comparisons`
--
ALTER TABLE `subcriteria_comparisons`
  ADD PRIMARY KEY (`id`),
  ADD KEY `subcriteria_comparisons_subcriteria_id_foreign` (`subcriteria_id`);

--
-- Indeks untuk tabel `users`
--
ALTER TABLE `users`
  ADD PRIMARY KEY (`id`),
  ADD UNIQUE KEY `users_email_unique` (`email`);

--
-- AUTO_INCREMENT untuk tabel yang dibuang
--

--
-- AUTO_INCREMENT untuk tabel `assessments`
--
ALTER TABLE `assessments`
  MODIFY `id` bigint(20) UNSIGNED NOT NULL AUTO_INCREMENT, AUTO_INCREMENT=687;

--
-- AUTO_INCREMENT untuk tabel `criterias`
--
ALTER TABLE `criterias`
  MODIFY `id` bigint(20) UNSIGNED NOT NULL AUTO_INCREMENT, AUTO_INCREMENT=4;

--
-- AUTO_INCREMENT untuk tabel `criteria_comparisons`
--
ALTER TABLE `criteria_comparisons`
  MODIFY `id` bigint(20) UNSIGNED NOT NULL AUTO_INCREMENT, AUTO_INCREMENT=10;

--
-- AUTO_INCREMENT untuk tabel `divisions`
--
ALTER TABLE `divisions`
  MODIFY `id` bigint(20) UNSIGNED NOT NULL AUTO_INCREMENT, AUTO_INCREMENT=8;

--
-- AUTO_INCREMENT untuk tabel `employees`
--
ALTER TABLE `employees`
  MODIFY `id` bigint(20) UNSIGNED NOT NULL AUTO_INCREMENT, AUTO_INCREMENT=51;

--
-- AUTO_INCREMENT untuk tabel `failed_jobs`
--
ALTER TABLE `failed_jobs`
  MODIFY `id` bigint(20) UNSIGNED NOT NULL AUTO_INCREMENT;

--
-- AUTO_INCREMENT untuk tabel `migrations`
--
ALTER TABLE `migrations`
  MODIFY `id` int(10) UNSIGNED NOT NULL AUTO_INCREMENT, AUTO_INCREMENT=131;

--
-- AUTO_INCREMENT untuk tabel `personal_access_tokens`
--
ALTER TABLE `personal_access_tokens`
  MODIFY `id` bigint(20) UNSIGNED NOT NULL AUTO_INCREMENT;

--
-- AUTO_INCREMENT untuk tabel `subcriterias`
--
ALTER TABLE `subcriterias`
  MODIFY `id` bigint(20) UNSIGNED NOT NULL AUTO_INCREMENT, AUTO_INCREMENT=15;

--
-- AUTO_INCREMENT untuk tabel `subcriteria_comparisons`
--
ALTER TABLE `subcriteria_comparisons`
  MODIFY `id` bigint(20) UNSIGNED NOT NULL AUTO_INCREMENT, AUTO_INCREMENT=67;

--
-- AUTO_INCREMENT untuk tabel `users`
--
ALTER TABLE `users`
  MODIFY `id` bigint(20) UNSIGNED NOT NULL AUTO_INCREMENT, AUTO_INCREMENT=7;

--
-- Ketidakleluasaan untuk tabel pelimpahan (Dumped Tables)
--

--
-- Ketidakleluasaan untuk tabel `assessments`
--
ALTER TABLE `assessments`
  ADD CONSTRAINT `assessments_criteria_id_foreign` FOREIGN KEY (`criteria_id`) REFERENCES `criterias` (`id`) ON DELETE CASCADE,
  ADD CONSTRAINT `assessments_employee_id_foreign` FOREIGN KEY (`employee_id`) REFERENCES `employees` (`id`) ON DELETE CASCADE,
  ADD CONSTRAINT `assessments_subcriteria_id_foreign` FOREIGN KEY (`subcriteria_id`) REFERENCES `subcriterias` (`id`) ON DELETE CASCADE;

--
-- Ketidakleluasaan untuk tabel `criteria_comparisons`
--
ALTER TABLE `criteria_comparisons`
  ADD CONSTRAINT `criteria_comparisons_criteria_id_foreign` FOREIGN KEY (`criteria_id`) REFERENCES `criterias` (`id`) ON DELETE CASCADE;

--
-- Ketidakleluasaan untuk tabel `employees`
--
ALTER TABLE `employees`
  ADD CONSTRAINT `employees_assessor_id_foreign` FOREIGN KEY (`assessor_id`) REFERENCES `users` (`id`) ON DELETE CASCADE,
  ADD CONSTRAINT `employees_division_id_foreign` FOREIGN KEY (`division_id`) REFERENCES `divisions` (`id`) ON DELETE CASCADE;

--
-- Ketidakleluasaan untuk tabel `subcriterias`
--
ALTER TABLE `subcriterias`
  ADD CONSTRAINT `subcriterias_criteria_id_foreign` FOREIGN KEY (`criteria_id`) REFERENCES `criterias` (`id`) ON DELETE CASCADE;

--
-- Ketidakleluasaan untuk tabel `subcriteria_comparisons`
--
ALTER TABLE `subcriteria_comparisons`
  ADD CONSTRAINT `subcriteria_comparisons_subcriteria_id_foreign` FOREIGN KEY (`subcriteria_id`) REFERENCES `subcriterias` (`id`) ON DELETE CASCADE;
COMMIT;

/*!40101 SET CHARACTER_SET_CLIENT=@OLD_CHARACTER_SET_CLIENT */;
/*!40101 SET CHARACTER_SET_RESULTS=@OLD_CHARACTER_SET_RESULTS */;
/*!40101 SET COLLATION_CONNECTION=@OLD_COLLATION_CONNECTION */;
